ticker,name,sector,sector_pe,last_updated,price,price_1m_ret,price_3m_ret,price_6m_ret,low_52w,high_52w,pct_above_52w_low,price_trend,volume_trend,pe,pb,roe,roce,de,revenue_growth,market_cap_cr,screener_url,fii_pct,dii_pct,promoter_pct,fii_q1,fii_q2,fii_q3,fii_q4,dii_q1,dii_q2,dii_q3,dii_q4,fii_selling_4q,dii_buying_4q,fii_trend_pct,dii_trend_pct,fii_label,dii_label,fair_value,buy_zone_low,buy_zone_high,strong_buy_below,value_signal,valuation_methods,smart_money_score,grade,score_fii,score_dii,score_pe,score_pb,score_roe,score_roce,score_debt,score_revgrowth,score_promoter,score_52w,scrape_status
NATCOPHARM.NS,Natco Pharma,Pharmaceuticals,25.0,2026-04-26 11:00,1093.2,13.97,22.77,29.7,790.18,1123.7,38.35,Rising,Normal,12.6,0.0,28.0,32.8,0.0,2.93,19580.0,https://www.screener.in/company/NATCOPHARM/consolidated/,11.03,15.15,49.76,11.03,12.82,13.72,16.14,15.15,14.01,11.26,9.69,1,1,-5.11,5.46,Selling (-5.1% over 4Q),Accumulating (+5.5% over 4Q),2169.05,1735.24,1952.15,1518.34,STRONG BUY,PE Mean Reversion: ₹2169.05 | 52W Low Buffer: ₹908.71,81.5,A+ (Strong Buy),10.0,10.0,10.0,3.0,10.0,10.0,10.0,2.0,7.0,6.0,done
GULFOILLUB.NS,Gulf Oil Lubric.,Miscellaneous,20.0,2026-04-26 11:09,969.5,5.46,-12.11,-17.85,870.2,1261.42,11.41,Falling,Rising,13.1,0.0,25.3,26.8,0.0,8.9,4800.0,https://www.screener.in/company/GULFOILLUB/consolidated/,3.69,6.4,72.0,3.69,4.42,4.98,7.08,6.4,5.77,4.03,5.02,1,0,-3.39,1.38,Selling (-3.4% over 4Q),Stable/Reducing,1480.15,1184.12,1332.14,1036.11,STRONG BUY,PE Mean Reversion: ₹1480.15 | 52W Low Buffer: ₹1000.73,80.0,A+ (Strong Buy),10.0,5.0,8.0,3.0,10.0,10.0,10.0,6.0,10.0,8.0,done
OSWALPUMPS.NS,Oswal Pumps,Engineering,25.0,2026-04-26 11:10,399.75,27.11,-13.5,-45.27,289.85,873.8,37.92,Falling,Normal,13.0,0.0,87.5,77.9,0.0,34.2,4556.0,https://www.screener.in/company/OSWALPUMPS/consolidated/,4.4,9.12,75.67,4.4,3.76,2.64,0.85,9.12,9.78,8.78,6.6,0,0,3.55,2.52,Buying (+3.5% over 4Q),Stable/Reducing,768.75,615.0,691.88,538.12,STRONG BUY,PE Mean Reversion: ₹768.75 | 52W Low Buffer: ₹333.33,78.0,A+ (Strong Buy),2.0,5.0,10.0,3.0,10.0,10.0,10.0,10.0,10.0,6.0,done
CRIZAC.NS,Crizac,Miscellaneous,20.0,2026-04-26 11:11,213.43,5.41,-12.64,-21.74,176.91,362.33,20.64,Falling,Normal,19.2,0.0,36.3,48.0,0.0,16.73,3735.0,https://www.screener.in/company/CRIZAC/consolidated/,2.99,7.05,79.94,2.99,3.74,2.48,2.3,7.05,3.8,3.48,3.48,0,1,0.69,3.57,Buying (+0.7% over 4Q),Accumulating (+3.6% over 4Q),222.32,177.86,200.09,155.62,FAIR VALUE,PE Mean Reversion: ₹222.32 | 52W Low Buffer: ₹203.45,78.0,A+ (Strong Buy),4.0,10.0,6.0,3.0,10.0,10.0,10.0,8.0,10.0,8.0,done
MAITHANALL.NS,Maithan Alloys,Miscellaneous,20.0,2026-04-26 11:13,998.9,6.8,-11.22,-11.19,833.1,1227.86,19.9,Falling,Normal,6.56,0.0,22.0,28.0,0.0,13.71,2908.0,https://www.screener.in/company/MAITHANALL/consolidated/,1.82,0.56,74.98,1.82,1.88,2.14,1.87,0.56,0.52,0.44,0.15,0,1,-0.05,0.41,Stable,Accumulating (+0.4% over 4Q),3045.43,2436.34,2740.89,2131.8,STRONG BUY,PE Mean Reversion: ₹3045.43 | 52W Low Buffer: ₹958.06,78.0,A+ (Strong Buy),4.0,7.0,10.0,3.0,8.0,10.0,10.0,8.0,10.0,8.0,done
RSYSTEMS.NS,R Systems Intl.,IT,28.0,2026-04-26 11:12,267.12,1.12,-29.34,-35.31,233.75,465.09,14.28,Falling,Normal,15.6,0.0,28.7,22.8,0.0,12.4,3165.0,https://www.screener.in/company/RSYSTEMS/consolidated/,0.17,0.71,51.93,0.17,0.19,0.25,0.61,0.71,0.69,0.78,1.03,1,0,-0.44,-0.32,Selling (-0.4% over 4Q),Stable/Reducing,479.45,383.56,431.5,335.61,STRONG BUY,PE Mean Reversion: ₹479.45 | 52W Low Buffer: ₹268.81,77.0,A+ (Strong Buy),7.0,2.0,10.0,3.0,10.0,8.0,10.0,8.0,10.0,8.0,done
ALPEXSOLAR.NS,Alpex Solar,Power,25.0,2026-04-26 11:13,1035.75,34.42,28.31,-5.85,694.35,1356.45,49.17,Rising,Rising,14.3,0.0,47.7,50.5,0.0,140.9,2646.0,https://www.screener.in/company/ALPEXSOLAR/consolidated/,4.86,1.82,68.76,4.86,0.73,1.48,1.67,1.82,0.42,0.26,0.27,0,0,3.19,1.55,Buying (+3.2% over 4Q),Stable/Reducing,1810.75,1448.6,1629.67,1267.52,STRONG BUY,PE Mean Reversion: ₹1810.75 | 52W Low Buffer: ₹798.5,77.0,A+ (Strong Buy),2.0,5.0,10.0,3.0,10.0,10.0,10.0,10.0,10.0,4.0,done
GKENERGY.NS,GK Energy,Power,25.0,2026-04-26 11:14,126.41,22.4,-9.99,-33.05,90.17,233.23,40.19,Stable,Rising,13.6,0.0,101.0,74.3,0.0,45.3,2564.0,https://www.screener.in/company/GKENERGY/consolidated/,1.68,8.64,79.2,1.68,1.02,0.79,0.0,8.64,8.03,8.29,0.0,0,0,1.68,8.64,Buying (+1.7% over 4Q),Stable/Reducing,232.37,185.9,209.13,162.66,STRONG BUY,PE Mean Reversion: ₹232.37 | 52W Low Buffer: ₹103.7,77.0,A+ (Strong Buy),2.0,5.0,10.0,3.0,10.0,10.0,10.0,10.0,10.0,4.0,done
TRANSRAILL.NS,Transrail Light,Miscellaneous,20.0,2026-04-26 11:05,576.0,15.11,18.45,-24.2,452.0,804.37,27.43,Rising,Rising,17.4,0.0,21.6,35.2,0.0,31.18,7733.0,https://www.screener.in/company/TRANSRAILL/consolidated/,1.0,15.15,71.12,1.0,0.61,1.43,1.16,15.15,14.08,12.44,8.41,0,1,-0.16,6.74,Stable,Accumulating (+6.7% over 4Q),662.07,529.66,595.86,463.45,WATCH,PE Mean Reversion: ₹662.07 | 52W Low Buffer: ₹519.8,76.0,A+ (Strong Buy),4.0,10.0,6.0,3.0,8.0,10.0,10.0,10.0,10.0,6.0,done
GOKULAGRO.NS,Gokul Agro,FMCG,45.0,2026-04-26 11:07,226.55,24.79,38.16,21.26,109.97,235.49,106.01,Rising,Normal,22.4,0.0,27.0,34.2,0.0,19.37,6685.0,https://www.screener.in/company/GOKULAGRO/consolidated/,0.05,0.0,72.56,0.05,0.06,0.05,0.76,0.0,0.0,0.0,0.0,0,0,-0.71,0.0,Stable,No data,455.12,364.1,409.61,318.58,STRONG BUY,PE Mean Reversion: ₹455.12 | 52W Low Buffer: ₹126.47,76.0,A+ (Strong Buy),4.0,5.0,10.0,3.0,10.0,10.0,10.0,8.0,10.0,2.0,done
ASHOKA.NS,Ashoka Buildcon,Real Estate,25.0,2026-04-26 11:11,133.05,16.99,-9.71,-30.93,102.13,223.75,30.28,Stable,Rising,3.57,0.0,54.8,39.7,0.0,-17.7,3735.0,https://www.screener.in/company/ASHOKA/consolidated/,2.4,18.64,54.48,2.4,2.97,4.51,7.23,18.64,19.96,19.72,17.63,1,0,-4.83,1.01,Selling (-4.8% over 4Q),Stable/Reducing,931.72,745.38,838.55,652.2,STRONG BUY,PE Mean Reversion: ₹931.72 | 52W Low Buffer: ₹117.45,76.0,A+ (Strong Buy),10.0,5.0,10.0,3.0,10.0,10.0,10.0,0.0,10.0,6.0,done
BALUFORGE.NS,Balu Forge,Miscellaneous,20.0,2026-04-26 11:08,460.1,5.11,0.56,-31.82,356.3,762.73,29.13,Stable,Normal,21.8,0.0,25.4,31.3,0.0,20.45,5585.0,https://www.screener.in/company/BALUFORGE/consolidated/,5.55,0.0,65.41,5.55,6.48,8.77,9.71,0.0,2.0,1.95,1.88,1,0,-4.16,-1.88,Selling (-4.2% over 4Q),Stable/Reducing,422.11,337.69,379.9,295.48,OVERVALUED +9.0%,PE Mean Reversion: ₹422.11 | 52W Low Buffer: ₹409.75,74.0,A  (Buy),10.0,2.0,4.0,3.0,10.0,10.0,10.0,10.0,10.0,6.0,done
ARKADE.NS,Arkade,Miscellaneous,20.0,2026-04-26 11:15,116.09,12.47,-8.29,-32.9,94.83,207.74,22.42,Stable,Rising,14.6,0.0,25.8,30.3,0.0,9.96,2155.0,https://www.screener.in/company/ARKADE/consolidated/,4.29,0.51,70.82,4.29,1.25,0.47,1.23,0.51,0.16,0.14,0.05,0,1,3.06,0.46,Buying (+3.1% over 4Q),Accumulating (+0.5% over 4Q),159.03,127.22,143.13,111.32,BUY,PE Mean Reversion: ₹159.03 | 52W Low Buffer: ₹109.05,74.0,A  (Buy),2.0,7.0,8.0,3.0,10.0,10.0,10.0,6.0,10.0,8.0,done
BNAGROCHEM.NS,BN Agrochem,FMCG,45.0,2026-04-26 11:14,237.15,0.0,0.0,0.0,237.15,246.55,0.0,Stable,Normal,45.9,0.0,26.0,27.4,0.0,176.25,2319.0,https://www.screener.in/company/BNAGROCHEM/consolidated/,0.0,0.0,58.6,0.0,0.0,0.0,0.0,0.0,0.0,0.0,0.0,0,0,0.0,0.0,No data,No data,272.72,218.18,245.45,190.9,WATCH,PE Mean Reversion: ₹232.5 | 52W Low Buffer: ₹272.72,73.0,A  (Buy),4.0,5.0,4.0,3.0,10.0,10.0,10.0,10.0,10.0,10.0,done
ACCELYA.NS,Accelya Solution,IT,28.0,2026-04-26 11:17,1160.3,-1.82,-10.59,-17.83,1024.6,1413.18,13.24,Falling,Normal,15.3,0.0,45.5,53.6,0.0,1.7,1732.0,https://www.screener.in/company/ACCELYA/consolidated/,0.21,0.35,74.66,0.21,0.26,0.27,0.39,0.35,0.38,0.44,0.65,1,0,-0.18,-0.3,Selling (-0.2% over 4Q),Stable/Reducing,2123.42,1698.74,1911.08,1486.39,STRONG BUY,PE Mean Reversion: ₹2123.42 | 52W Low Buffer: ₹1178.29,73.0,A  (Buy),7.0,2.0,10.0,3.0,10.0,10.0,10.0,2.0,10.0,8.0,done
CIGNITITEC.NS,Cigniti Tech.,IT,28.0,2026-04-26 11:12,1136.2,6.36,-31.53,-31.14,1056.3,1910.0,7.56,Falling,Normal,10.2,0.0,26.0,34.1,0.0,9.78,3130.0,https://www.screener.in/company/CIGNITITEC/consolidated/,6.22,0.0,34.59,6.22,6.32,6.04,6.06,0.0,0.17,0.07,0.09,0,0,0.16,-0.09,Buying (+0.2% over 4Q),Stable/Reducing,3118.98,2495.18,2807.08,2183.29,STRONG BUY,PE Mean Reversion: ₹3118.98 | 52W Low Buffer: ₹1214.74,72.5,A  (Buy),4.0,2.0,10.0,3.0,10.0,10.0,10.0,6.0,5.0,10.0,done
SOLARWORLD.NS,Solarworld Ene.,Power,25.0,2026-04-26 11:17,195.13,22.19,-29.16,-41.24,142.55,338.4,36.89,Falling,Rising,20.9,0.0,40.2,40.4,0.0,76.33,1691.0,https://www.screener.in/company/SOLARWORLD/consolidated/,3.4,11.8,65.67,3.4,1.49,1.23,0.0,11.8,11.2,11.41,0.0,0,0,3.4,11.8,Buying (+3.4% over 4Q),Stable/Reducing,233.41,186.73,210.07,163.39,WATCH,PE Mean Reversion: ₹233.41 | 52W Low Buffer: ₹163.93,72.0,A  (Buy),2.0,5.0,6.0,3.0,10.0,10.0,10.0,10.0,10.0,6.0,done
SANOFI.NS,Sanofi Consumer,FMCG,45.0,2026-04-26 11:04,3427.6,2.6,-13.61,-25.11,3148.16,6265.49,8.88,Falling,Rising,17.9,0.0,47.1,49.2,0.0,0.85,7894.0,https://www.screener.in/company/SANOFI/consolidated/,6.72,19.65,60.4,6.72,6.8,6.31,6.11,19.65,21.68,22.51,22.88,0,0,0.61,-3.23,Buying (+0.6% over 4Q),Stable/Reducing,8616.87,6893.5,7755.18,6031.81,STRONG BUY,PE Mean Reversion: ₹8616.87 | 52W Low Buffer: ₹3620.38,71.0,A  (Buy),4.0,2.0,10.0,3.0,10.0,10.0,10.0,2.0,10.0,10.0,done
PACEDIGITK.NS,Pace Digitek,IT,28.0,2026-04-26 11:11,173.09,5.31,-1.0,-22.92,141.72,227.93,22.14,Stable,Rising,14.9,0.0,31.4,41.3,0.0,-8.65,3736.0,https://www.screener.in/company/PACEDIGITK/consolidated/,2.31,5.18,69.52,2.31,0.56,0.0,0.0,5.18,5.99,0.0,0.0,0,0,2.31,5.18,Buying (+2.3% over 4Q),Stable/Reducing,325.27,260.22,292.74,227.69,STRONG BUY,PE Mean Reversion: ₹325.27 | 52W Low Buffer: ₹162.98,69.0,A  (Buy),2.0,5.0,10.0,3.0,10.0,10.0,10.0,0.0,10.0,8.0,done
MPSLTD.NS,MPS,Miscellaneous,20.0,2026-04-26 11:13,1612.2,7.05,-14.44,-27.88,1366.7,2853.55,17.96,Falling,Normal,16.8,0.0,30.5,40.9,0.0,2.48,2758.0,https://www.screener.in/company/MPSLTD/consolidated/,3.85,0.6,68.34,3.85,3.8,3.71,3.7,0.6,0.6,0.56,0.48,0,1,0.15,0.12,Buying (+0.1% over 4Q),Accumulating (+0.1% over 4Q),1919.29,1535.43,1727.36,1343.5,WATCH,PE Mean Reversion: ₹1919.29 | 52W Low Buffer: ₹1571.7,69.0,A  (Buy),4.0,7.0,6.0,3.0,10.0,10.0,10.0,2.0,10.0,8.0,done
STOVEKRAFT.NS,Stove Kraft,Miscellaneous,20.0,2026-04-26 17:54,539.2,8.11,0.12,-20.45,453.5,788.05,18.9,Stable,Normal,21.9,0.0,67.5,31.8,0.0,28.21,1785.0,https://www.screener.in/company/STOVEKRAFT/consolidated/,0.98,1.15,55.92,0.98,0.46,0.42,0.78,1.15,2.39,3.02,3.44,0,0,0.2,-2.29,Buying (+0.2% over 4Q),Stable/Reducing,521.52,417.22,469.37,365.06,OVERVALUED +3.4%,PE Mean Reversion: ₹492.42 | 52W Low Buffer: ₹521.52,69.0,A  (Buy),4.0,2.0,4.0,3.0,10.0,10.0,10.0,10.0,10.0,8.0,done
ALKYLAMINE.NS,Alkyl Amines,Miscellaneous,20.0,2026-04-26 17:17,1475.6,14.21,-10.17,-19.94,1231.6,2398.0,19.81,Falling,Rising,39.8,0.0,41.4,41.3,0.0,17.38,7547.0,https://www.screener.in/company/ALKYLAMINE/consolidated/,2.86,1.16,71.96,2.86,2.92,2.94,3.04,1.16,1.13,1.07,1.11,1,0,-0.18,0.05,Selling (-0.2% over 4Q),Stable/Reducing,1416.34,1133.07,1274.71,991.44,OVERVALUED +4.2%,PE Mean Reversion: ₹741.51 | 52W Low Buffer: ₹1416.34,68.5,A  (Buy),7.0,5.0,1.0,3.0,10.0,10.0,10.0,8.0,10.0,8.0,done
EMKAYTOOLS.NS,Emkay Tools,Miscellaneous,20.0,2026-04-26 18:12,114.0,18.13,5.46,-19.61,84.1,399.9,35.55,Stable,Normal,1.27,0.0,15.7,19.3,0.0,15.73,122.0,https://www.screener.in/company/EMKAYTOOLS/consolidated/,0.0,0.0,74.57,0.0,0.0,0.0,0.0,0.0,0.0,0.0,0.0,0,0,0.0,0.0,No data,No data,1795.28,1436.22,1615.75,1256.7,STRONG BUY,PE Mean Reversion: ₹1795.28 | 52W Low Buffer: ₹96.71,68.0,A  (Buy),4.0,5.0,10.0,3.0,6.0,6.0,10.0,8.0,10.0,6.0,done
POWERICA.NS,Powerica Ltd,Power,25.0,2026-04-26 11:08,449.45,0.0,0.0,0.0,390.0,469.45,15.24,Stable,Normal,25.3,0.0,15.7,21.6,0.0,20.05,5688.0,https://www.screener.in/company/POWERICA/consolidated/,4.76,15.37,77.18,4.76,0.0,0.0,0.0,15.37,0.0,0.0,0.0,0,1,4.76,15.37,Buying (+4.8% over 4Q),Accumulating (+15.4% over 4Q),448.5,358.8,403.65,313.95,OVERVALUED +0.2%,PE Mean Reversion: ₹444.12 | 52W Low Buffer: ₹448.5,67.0,A  (Buy),2.0,10.0,4.0,3.0,6.0,8.0,10.0,10.0,10.0,8.0,done
SAKSOFT.NS,Saksoft,Miscellaneous,20.0,2026-04-26 11:16,138.17,15.56,-24.93,-28.79,109.69,246.96,25.96,Falling,Normal,14.0,0.0,18.9,24.0,0.0,13.02,1831.0,https://www.screener.in/company/SAKSOFT/consolidated/,4.72,0.0,66.86,4.72,3.96,3.93,4.0,0.0,0.0,0.03,0.0,0,0,0.72,0.0,Buying (+0.7% over 4Q),Stable/Reducing,197.39,157.91,177.65,138.17,STRONG BUY,PE Mean Reversion: ₹197.39 | 52W Low Buffer: ₹126.14,67.0,A  (Buy),4.0,5.0,8.0,3.0,6.0,8.0,10.0,8.0,10.0,6.0,done
EXPLEOSOL.NS,Expleo Solutions,IT,28.0,2026-04-26 11:19,803.75,11.59,-14.32,-19.14,646.9,1333.0,24.25,Falling,Rising,10.6,0.0,16.3,21.5,0.0,5.17,1247.0,https://www.screener.in/company/EXPLEOSOL/consolidated/,0.15,2.92,71.05,0.15,0.0,0.03,0.04,2.92,2.73,3.26,2.37,0,0,0.11,0.55,Buying (+0.1% over 4Q),Stable/Reducing,2123.11,1698.49,1910.8,1486.18,STRONG BUY,PE Mean Reversion: ₹2123.11 | 52W Low Buffer: ₹743.93,67.0,A  (Buy),4.0,5.0,10.0,3.0,6.0,8.0,10.0,4.0,10.0,8.0,done
MARSONS.NS,Marsons,Miscellaneous,20.0,2026-04-26 11:13,161.04,20.21,0.0,0.0,122.97,168.59,30.96,Stable,Rising,84.6,0.0,36.5,33.8,0.0,24.4,2772.0,https://www.screener.in/company/MARSONS/consolidated/,0.0,0.0,66.9,0.0,0.0,0.0,0.0,0.0,0.0,0.0,0.0,0,0,0.0,0.0,No data,No data,141.42,113.14,127.28,98.99,OVERVALUED +13.9%,PE Mean Reversion: ₹38.07 | 52W Low Buffer: ₹141.42,66.5,A  (Buy),4.0,5.0,1.0,3.0,10.0,10.0,10.0,10.0,10.0,6.0,done
BHARATWIRE.NS,Bharat Wire,Miscellaneous,20.0,2026-04-26 17:58,223.91,36.32,28.88,31.33,153.96,232.15,45.43,Rising,Rising,16.0,0.0,42.2,18.7,0.0,5.6,1536.0,https://www.screener.in/company/BHARATWIRE/consolidated/,1.06,3.2,39.86,1.06,1.1,1.39,3.0,3.2,2.7,2.63,2.62,1,1,-1.94,0.58,Selling (-1.9% over 4Q),Accumulating (+0.6% over 4Q),279.89,223.91,251.9,195.92,BUY,PE Mean Reversion: ₹279.89 | 52W Low Buffer: ₹177.05,66.5,A  (Buy),7.0,7.0,6.0,3.0,10.0,6.0,10.0,4.0,7.0,4.0,done
WAAREEENER.NS,Waaree Renewab.,Power,25.0,2026-04-26 11:03,3305.7,4.42,29.13,-0.78,2419.0,3737.7,36.66,Rising,Normal,27.3,0.0,27.4,34.9,0.0,52.73,95089.0,https://www.screener.in/company/WAAREEENER/consolidated/,1.4,2.7,64.31,1.4,0.7,2.68,6.35,2.7,2.46,2.86,2.82,0,0,-4.95,-0.12,Stable,Stable/Reducing,3027.2,2421.76,2724.48,2119.04,OVERVALUED +9.2%,PE Mean Reversion: ₹3027.2 | 52W Low Buffer: ₹2781.85,66.0,A  (Buy),2.0,2.0,4.0,3.0,10.0,10.0,10.0,10.0,10.0,6.0,done
BFUTILITIE.NS,BF Utilities,Miscellaneous,20.0,2026-04-26 11:15,569.9,35.11,-3.89,-29.72,371.7,857.65,53.32,Stable,Rising,14.1,0.0,113.0,29.9,0.0,-13.62,2146.0,https://www.screener.in/company/BFUTILITIE/consolidated/,0.39,0.09,56.74,0.39,0.94,0.78,0.88,0.09,0.13,0.09,0.09,0,0,-0.49,0.0,Stable,Stable/Reducing,808.37,646.7,727.53,565.86,BUY,PE Mean Reversion: ₹808.37 | 52W Low Buffer: ₹427.45,66.0,A  (Buy),4.0,5.0,8.0,3.0,10.0,10.0,10.0,0.0,10.0,4.0,done
IEX.NS,Indian Energy Ex,Power,25.0,2026-04-26 11:03,123.23,2.24,-10.52,-10.84,114.75,207.52,7.39,Falling,Rising,22.3,0.0,39.4,51.4,0.0,14.71,10988.0,https://www.screener.in/company/IEX/consolidated/,17.28,21.11,0.0,17.28,14.12,13.37,10.89,21.11,22.61,26.34,27.24,0,0,6.39,-6.13,Buying (+6.4% over 4Q),Stable/Reducing,138.15,110.52,124.34,96.7,WATCH,PE Mean Reversion: ₹138.15 | 52W Low Buffer: ₹131.96,65.5,A  (Buy),2.0,2.0,6.0,3.0,10.0,10.0,10.0,8.0,3.0,10.0,done
EUROPRATIK.NS,Euro Pratik Sale,Miscellaneous,20.0,2026-04-26 11:13,266.84,24.42,-0.59,1.57,210.15,381.47,26.98,Stable,Normal,37.2,0.0,39.4,49.5,0.0,10.56,2727.0,https://www.screener.in/company/EUROPRATIK/consolidated/,1.66,5.36,70.09,1.66,1.57,0.49,0.0,5.36,5.01,4.61,0.0,0,1,1.66,5.36,Buying (+1.7% over 4Q),Accumulating (+5.4% over 4Q),241.67,193.34,217.5,169.17,OVERVALUED +10.4%,PE Mean Reversion: ₹143.46 | 52W Low Buffer: ₹241.67,65.5,A  (Buy),2.0,10.0,1.0,3.0,10.0,10.0,10.0,6.0,10.0,6.0,done
DPABHUSHAN.NS,D.P. Abhushan,Miscellaneous,20.0,2026-04-26 11:14,1114.85,8.71,-21.92,-21.87,943.2,1683.3,18.2,Falling,Normal,62.8,0.0,34.5,24.4,0.0,42.22,2545.0,https://www.screener.in/company/DPABHUSHAN/consolidated/,0.0,0.0,75.0,0.0,0.0,0.0,0.0,0.0,0.0,0.0,0.0,0,0,0.0,0.0,No data,No data,1084.68,867.74,976.21,759.28,OVERVALUED +2.8%,PE Mean Reversion: ₹355.05 | 52W Low Buffer: ₹1084.68,65.5,A  (Buy),4.0,5.0,1.0,3.0,10.0,8.0,10.0,10.0,10.0,8.0,done
3BBLACKBIO.NS,3B Blackbio,Miscellaneous,20.0,2026-04-26 11:19,1322.35,0.0,0.0,0.0,1291.8,1388.05,2.36,Stable,Normal,19.8,0.0,19.4,25.8,0.0,34.38,1135.0,https://www.screener.in/company/3BBLACKBIO/consolidated/,3.06,0.0,38.43,3.06,3.16,3.38,2.97,0.0,0.82,1.18,1.89,0,0,0.09,-1.89,Buying (+0.1% over 4Q),Stable/Reducing,1485.57,1188.46,1337.01,1039.9,WATCH,PE Mean Reversion: ₹1335.71 | 52W Low Buffer: ₹1485.57,65.5,A  (Buy),4.0,2.0,6.0,3.0,6.0,10.0,10.0,10.0,7.0,10.0,done
GENUSPOWER.NS,Genus Power,Power,25.0,2026-04-26 17:15,287.43,20.21,4.31,-6.91,214.9,416.35,33.75,Stable,Rising,16.1,0.0,18.1,19.2,0.0,69.98,8744.0,https://www.screener.in/company/GENUSPOWER/consolidated/,2.67,5.34,50.42,2.67,2.5,2.05,16.87,5.34,5.44,5.66,5.01,0,0,-14.2,0.33,Stable,Stable/Reducing,446.32,357.06,401.69,312.42,STRONG BUY,PE Mean Reversion: ₹446.32 | 52W Low Buffer: ₹247.13,65.0,A  (Buy),2.0,5.0,8.0,3.0,6.0,6.0,10.0,10.0,10.0,6.0,done
TDPOWERSYS.NS,TD Power Systems,IT,28.0,2026-04-26 11:00,1112.85,28.91,64.11,85.58,397.34,1112.85,180.08,Rising,Rising,79.2,0.0,22.3,30.4,0.0,26.27,17384.0,https://www.screener.in/company/TDPOWERSYS/consolidated/,2.61,16.33,58.43,2.61,10.11,11.35,12.85,16.33,33.14,32.81,32.36,1,0,-10.24,-16.03,Selling (-10.2% over 4Q),Stable/Reducing,456.94,365.55,411.25,319.86,OVERVALUED +143.5%,PE Mean Reversion: ₹393.43 | 52W Low Buffer: ₹456.94,64.5,A  (Buy),10.0,2.0,1.0,3.0,8.0,10.0,10.0,10.0,10.0,2.0,done
VADILALIND.NS,Vadilal Inds.,Miscellaneous,20.0,2026-04-26 11:12,4432.6,-2.19,-3.11,-16.95,4037.6,7318.3,9.78,Stable,Normal,26.1,0.0,24.0,25.1,0.0,9.85,3187.0,https://www.screener.in/company/VADILALIND/consolidated/,0.03,0.0,64.72,0.03,0.09,0.09,0.45,0.0,0.0,0.0,0.0,1,0,-0.42,0.0,Selling (-0.4% over 4Q),No data,4643.24,3714.59,4178.92,3250.27,FAIR VALUE,PE Mean Reversion: ₹3396.63 | 52W Low Buffer: ₹4643.24,64.5,A  (Buy),7.0,5.0,1.0,3.0,8.0,10.0,10.0,6.0,10.0,10.0,done
MGL.NS,Mahanagar Gas,Miscellaneous,20.0,2026-04-26 11:03,1130.15,16.86,8.93,-11.81,908.4,1506.19,24.41,Stable,Normal,11.6,0.0,17.7,22.7,0.0,12.31,11163.0,https://www.screener.in/company/MGL/consolidated/,32.38,15.15,32.5,32.38,30.51,30.85,30.54,15.15,16.1,17.23,17.4,0,0,1.84,-2.25,Buying (+1.8% over 4Q),Stable/Reducing,1948.53,1558.82,1753.68,1363.97,STRONG BUY,PE Mean Reversion: ₹1948.53 | 52W Low Buffer: ₹1044.66,63.5,A  (Buy),2.0,2.0,10.0,3.0,6.0,8.0,10.0,8.0,5.0,8.0,done
SKYGOLD.NS,Sky Gold & Diam.,Miscellaneous,20.0,2026-04-26 11:07,412.55,19.01,27.06,20.4,258.8,429.7,59.41,Rising,Normal,27.9,0.0,25.5,21.2,0.0,53.38,6389.0,https://www.screener.in/company/SKYGOLD/consolidated/,0.01,0.0,73.55,0.01,0.0,0.13,0.04,0.0,0.0,0.02,0.0,0,0,-0.03,0.0,Stable,Stable/Reducing,297.62,238.1,267.86,208.33,OVERVALUED +38.6%,PE Mean Reversion: ₹295.73 | 52W Low Buffer: ₹297.62,63.5,A  (Buy),4.0,5.0,1.0,3.0,10.0,8.0,10.0,10.0,10.0,4.0,done
EPIGRAL.NS,Epigral,Miscellaneous,20.0,2026-04-26 11:08,1202.85,42.23,2.47,-29.77,810.45,2088.7,48.42,Stable,Normal,15.4,0.0,22.6,25.1,0.0,-5.14,5189.0,https://www.screener.in/company/EPIGRAL/consolidated/,1.16,0.04,71.37,1.16,1.14,1.17,1.36,0.04,0.04,0.05,0.02,0,0,-0.2,0.02,Stable,Stable/Reducing,1562.14,1249.71,1405.93,1093.5,BUY,PE Mean Reversion: ₹1562.14 | 52W Low Buffer: ₹932.02,63.0,A  (Buy),4.0,5.0,8.0,3.0,8.0,10.0,10.0,0.0,10.0,4.0,done
LTFOODS.NS,L T Foods,FMCG,45.0,2026-04-26 17:05,420.05,10.99,13.56,8.87,332.55,505.55,26.31,Rising,Normal,22.4,0.0,16.7,19.2,0.0,18.27,14586.0,https://www.screener.in/company/LTFOODS/consolidated/,6.48,3.29,51.0,6.48,6.01,5.73,5.14,3.29,5.08,5.12,4.08,0,0,1.34,-0.79,Buying (+1.3% over 4Q),Stable/Reducing,843.85,675.08,759.47,590.69,STRONG BUY,PE Mean Reversion: ₹843.85 | 52W Low Buffer: ₹382.43,63.0,A  (Buy),2.0,2.0,10.0,3.0,6.0,6.0,10.0,8.0,10.0,6.0,done
MAHSEAMLES.NS,Mah. Seamless,Miscellaneous,20.0,2026-04-26 17:15,642.35,13.74,21.54,9.97,506.45,751.77,26.83,Rising,Rising,10.2,0.0,12.9,16.6,0.0,-8.67,8607.0,https://www.screener.in/company/MAHSEAMLES/consolidated/,5.96,4.18,67.8,5.96,7.98,10.5,11.96,4.18,4.26,4.19,3.81,1,0,-6.0,0.37,Selling (-6.0% over 4Q),Stable/Reducing,1259.51,1007.61,1133.56,881.66,STRONG BUY,PE Mean Reversion: ₹1259.51 | 52W Low Buffer: ₹582.42,63.0,A  (Buy),10.0,5.0,10.0,3.0,4.0,6.0,10.0,0.0,10.0,6.0,done
EPL.NS,EPL Ltd,Miscellaneous,20.0,2026-04-26 17:18,225.84,18.44,9.11,8.02,180.12,241.74,25.38,Stable,Rising,17.5,0.0,16.3,17.5,0.0,8.43,7232.0,https://www.screener.in/company/EPL/consolidated/,12.22,15.85,51.53,12.22,10.41,9.89,10.91,15.85,15.54,14.52,13.35,0,1,1.31,2.5,Buying (+1.3% over 4Q),Accumulating (+2.5% over 4Q),258.1,206.48,232.29,180.67,WATCH,PE Mean Reversion: ₹258.1 | 52W Low Buffer: ₹207.14,63.0,A  (Buy),2.0,10.0,6.0,3.0,6.0,6.0,10.0,6.0,10.0,6.0,done
KPITTECH.NS,KPIT Technologi.,IT,28.0,2026-04-26 11:00,709.6,7.36,-39.7,-38.37,631.95,1411.63,12.29,Falling,Normal,25.6,0.0,32.5,40.0,0.0,7.36,19453.0,https://www.screener.in/company/KPITTECH/consolidated/,25.91,11.78,39.47,25.91,25.69,26.48,23.98,11.78,12.25,11.6,14.0,0,0,1.93,-2.22,Buying (+1.9% over 4Q),Stable/Reducing,776.12,620.9,698.51,543.28,FAIR VALUE,PE Mean Reversion: ₹776.12 | 52W Low Buffer: ₹726.74,62.5,A  (Buy),2.0,2.0,6.0,3.0,10.0,10.0,10.0,4.0,7.0,8.0,done
GHCL.NS,GHCL,Miscellaneous,20.0,2026-04-26 11:10,495.65,14.35,-10.12,-21.51,422.0,656.55,17.45,Falling,Normal,8.99,0.0,18.6,24.2,0.0,-4.02,4557.0,https://www.screener.in/company/GHCL/consolidated/,26.04,10.78,19.06,26.04,25.27,24.66,24.99,10.78,9.68,8.6,8.29,0,1,1.05,2.49,Buying (+1.1% over 4Q),Accumulating (+2.5% over 4Q),1102.67,882.14,992.4,771.87,STRONG BUY,PE Mean Reversion: ₹1102.67 | 52W Low Buffer: ₹485.3,62.5,A  (Buy),2.0,10.0,10.0,3.0,6.0,8.0,10.0,0.0,3.0,8.0,done
VIDYAWIRES.NS,Vidya Wires,Miscellaneous,20.0,2026-04-26 11:16,82.72,52.65,69.09,0.0,44.87,82.72,84.35,Rising,Rising,38.7,0.0,27.8,24.2,0.0,25.3,1759.0,https://www.screener.in/company/VIDYAWIRES/consolidated/,0.68,9.53,72.8,0.68,1.11,0.0,0.0,9.53,10.46,0.0,0.0,0,0,0.68,9.53,Buying (+0.7% over 4Q),Stable/Reducing,51.6,41.28,46.44,36.12,OVERVALUED +60.3%,PE Mean Reversion: ₹42.75 | 52W Low Buffer: ₹51.6,62.5,A  (Buy),4.0,5.0,1.0,3.0,10.0,8.0,10.0,10.0,10.0,2.0,done
TRAVELFOOD.NS,Travel Food,FMCG,45.0,2026-04-26 11:01,1285.2,14.92,12.56,-4.4,1017.3,1388.8,26.33,Rising,Normal,40.0,0.0,37.6,40.6,0.0,-7.94,16923.0,https://www.screener.in/company/TRAVELFOOD/consolidated/,2.77,8.03,86.19,2.77,2.39,1.55,0.0,8.03,8.84,9.71,0.0,0,0,2.77,8.03,Buying (+2.8% over 4Q),Stable/Reducing,1445.85,1156.68,1301.26,1012.09,WATCH,PE Mean Reversion: ₹1445.85 | 52W Low Buffer: ₹1169.89,62.0,A  (Buy),2.0,5.0,6.0,3.0,10.0,10.0,10.0,0.0,10.0,6.0,done
POWERMECH.NS,Power Mech Proj.,Power,25.0,2026-04-26 11:06,2408.5,20.79,6.58,-9.84,1732.8,3354.74,38.99,Stable,Rising,22.5,0.0,16.3,22.9,0.0,10.89,7615.0,https://www.screener.in/company/POWERMECH/consolidated/,3.57,13.47,64.12,3.57,4.16,4.24,4.98,13.47,14.53,18.57,19.44,1,0,-1.41,-5.97,Selling (-1.4% over 4Q),Stable/Reducing,2676.11,2140.89,2408.5,1873.28,WATCH,PE Mean Reversion: ₹2676.11 | 52W Low Buffer: ₹1992.72,62.0,A  (Buy),7.0,2.0,6.0,3.0,6.0,8.0,10.0,6.0,10.0,6.0,done
SHAKTIPUMP.NS,Shakti Pumps,Engineering,25.0,2026-04-26 11:07,545.25,9.83,-23.29,-33.02,459.95,1007.45,18.55,Falling,Normal,20.4,0.0,42.6,55.3,0.0,-0.44,6728.0,https://www.screener.in/company/SHAKTIPUMP/consolidated/,0.39,0.15,56.22,0.39,0.64,0.49,0.77,0.15,0.22,0.31,8.68,0,0,-0.38,-8.53,Stable,Stable/Reducing,668.2,534.56,601.38,467.74,WATCH,PE Mean Reversion: ₹668.2 | 52W Low Buffer: ₹528.94,62.0,A  (Buy),4.0,2.0,6.0,3.0,10.0,10.0,10.0,0.0,10.0,8.0,done
GODREJAGRO.NS,Godrej Agrovet,FMCG,45.0,2026-04-26 17:10,597.5,1.53,8.9,-9.6,513.0,847.2,16.47,Stable,Normal,24.9,0.0,17.7,16.6,0.0,6.94,11492.0,https://www.screener.in/company/GODREJAGRO/consolidated/,9.7,5.04,74.04,9.7,9.55,9.44,9.43,5.04,5.09,5.49,5.09,0,0,0.27,-0.05,Buying (+0.3% over 4Q),Stable/Reducing,1079.82,863.86,971.84,755.87,STRONG BUY,PE Mean Reversion: ₹1079.82 | 52W Low Buffer: ₹589.95,62.0,A  (Buy),4.0,2.0,10.0,3.0,6.0,6.0,10.0,4.0,10.0,8.0,done
SANSTAR.NS,Sanstar,Miscellaneous,20.0,2026-04-26 17:57,87.93,6.71,-7.52,-7.91,75.78,104.89,16.03,Stable,Rising,23.4,0.0,29.9,29.2,0.0,-11.45,1602.0,https://www.screener.in/company/SANSTAR/consolidated/,2.06,4.24,70.37,2.06,0.83,0.71,0.22,4.24,4.16,4.03,2.86,0,1,1.84,1.38,Buying (+1.8% over 4Q),Accumulating (+1.4% over 4Q),87.15,69.72,78.44,61.01,OVERVALUED +0.9%,PE Mean Reversion: ₹75.15 | 52W Low Buffer: ₹87.15,62.0,A  (Buy),2.0,7.0,4.0,3.0,10.0,10.0,10.0,0.0,10.0,8.0,done
SPIC.NS,S P I C,Miscellaneous,20.0,2026-04-26 18:00,68.94,12.23,-13.48,-26.2,55.42,120.46,24.4,Falling,Rising,6.97,0.0,13.8,16.9,0.0,1.3,1404.0,https://www.screener.in/company/SPIC/consolidated/,0.21,2.37,53.38,0.21,0.42,0.5,0.38,2.37,2.09,1.68,1.68,0,1,-0.17,0.69,Stable,Accumulating (+0.7% over 4Q),197.82,158.26,178.04,138.47,STRONG BUY,PE Mean Reversion: ₹197.82 | 52W Low Buffer: ₹63.73,62.0,A  (Buy),4.0,7.0,10.0,3.0,4.0,6.0,10.0,2.0,10.0,8.0,done
NBCC.NS,NBCC,Miscellaneous,20.0,2026-04-26 10:59,93.2,11.07,-11.28,-17.02,77.52,127.87,20.23,Falling,Normal,37.9,0.0,25.5,33.2,0.0,7.73,25164.0,https://www.screener.in/company/NBCC/consolidated/,3.84,10.33,61.75,3.84,4.14,4.46,4.33,10.33,10.21,10.41,9.94,0,0,-0.49,0.39,Stable,Stable/Reducing,89.15,71.32,80.24,62.41,OVERVALUED +4.5%,PE Mean Reversion: ₹49.18 | 52W Low Buffer: ₹89.15,61.5,A  (Buy),4.0,5.0,1.0,3.0,10.0,10.0,10.0,4.0,10.0,8.0,done
ZENSARTECH.NS,Zensar Tech.,IT,28.0,2026-04-26 11:02,536.0,-5.12,-24.22,-32.65,514.55,864.99,4.17,Falling,Normal,15.4,0.0,18.1,23.5,0.0,7.69,12190.0,https://www.screener.in/company/ZENSARTECH/consolidated/,12.59,17.3,49.21,12.59,16.66,17.12,16.53,17.3,16.55,16.45,17.53,0,0,-3.94,-0.23,Stable,Stable/Reducing,974.55,779.64,877.1,682.18,STRONG BUY,PE Mean Reversion: ₹974.55 | 52W Low Buffer: ₹591.73,61.5,A  (Buy),2.0,2.0,10.0,3.0,6.0,8.0,10.0,4.0,7.0,10.0,done
ICRA.NS,ICRA,Miscellaneous,20.0,2026-04-26 11:08,5402.5,3.82,-10.17,-14.05,5003.0,6942.08,7.99,Falling,Rising,27.6,0.0,16.8,23.1,0.0,12.65,5214.0,https://www.screener.in/company/ICRA/consolidated/,7.71,24.3,51.86,7.71,8.15,8.22,8.42,24.3,23.98,24.21,24.05,1,0,-0.71,0.25,Selling (-0.7% over 4Q),Stable/Reducing,5753.45,4602.76,5178.1,4027.41,FAIR VALUE,PE Mean Reversion: ₹3914.86 | 52W Low Buffer: ₹5753.45,61.5,A  (Buy),7.0,5.0,1.0,3.0,6.0,8.0,10.0,8.0,10.0,10.0,done
V2RETAIL.NS,V2 Retail,Miscellaneous,20.0,2026-04-26 17:18,203.06,6.19,-4.7,-14.55,159.68,249.56,27.17,Stable,Rising,57.0,0.0,23.3,16.9,0.0,46.97,7404.0,https://www.screener.in/company/V2RETAIL/consolidated/,6.37,0.37,54.26,6.37,6.36,6.36,6.57,0.37,0.37,0.37,0.36,0,1,-0.2,0.01,Stable,Accumulating (+0.0% over 4Q),183.63,146.9,165.27,128.54,OVERVALUED +10.6%,PE Mean Reversion: ₹71.25 | 52W Low Buffer: ₹183.63,61.5,A  (Buy),4.0,7.0,1.0,3.0,8.0,6.0,10.0,10.0,10.0,6.0,done
NESCO.NS,NESCO,Miscellaneous,20.0,2026-04-26 11:05,1168.6,10.73,0.45,-16.05,903.01,1578.1,29.41,Stable,Normal,20.2,0.0,15.8,21.1,0.0,19.13,8234.0,https://www.screener.in/company/NESCO/consolidated/,2.09,3.81,68.54,2.09,2.79,3.02,3.5,3.81,4.07,4.14,3.99,1,0,-1.41,-0.18,Selling (-1.4% over 4Q),Stable/Reducing,1157.03,925.62,1041.33,809.92,OVERVALUED +1.0%,PE Mean Reversion: ₹1157.03 | 52W Low Buffer: ₹1038.46,61.0,A  (Buy),7.0,2.0,4.0,3.0,6.0,8.0,10.0,8.0,10.0,6.0,done
SUPREMEIND.NS,Supreme Petroch.,Miscellaneous,20.0,2026-04-26 17:05,3664.0,-4.44,5.13,-13.28,3221.1,4624.42,13.75,Stable,Rising,57.2,0.0,17.1,22.0,0.0,2.59,46543.0,https://www.screener.in/company/SUPREMEIND/consolidated/,19.06,17.12,48.85,19.06,23.85,24.65,24.68,17.12,12.54,11.95,11.41,1,1,-5.62,5.71,Selling (-5.6% over 4Q),Accumulating (+5.7% over 4Q),3704.26,2963.41,3333.83,2592.98,FAIR VALUE,PE Mean Reversion: ₹1281.12 | 52W Low Buffer: ₹3704.26,61.0,A  (Buy),10.0,10.0,1.0,3.0,6.0,8.0,10.0,2.0,7.0,8.0,done
JSWDULUX.NS,JSW Dulux,Miscellaneous,20.0,2026-04-26 11:02,2947.8,0.0,0.0,0.0,2895.6,2999.0,1.8,Stable,Normal,35.5,0.0,32.3,41.6,0.0,-8.09,13424.0,https://www.screener.in/company/JSWDULUX/consolidated/,3.15,8.75,74.76,3.15,3.14,3.2,3.42,8.75,8.61,8.56,8.36,0,1,-0.27,0.39,Stable,Accumulating (+0.4% over 4Q),3329.94,2663.95,2996.95,2330.96,WATCH,PE Mean Reversion: ₹1660.73 | 52W Low Buffer: ₹3329.94,60.5,A  (Buy),4.0,7.0,1.0,3.0,10.0,10.0,10.0,0.0,10.0,10.0,done
TATAELXSI.NS,Tata Elxsi,Miscellaneous,20.0,2026-04-26 10:59,4193.0,-1.05,-23.83,-22.46,3976.6,6630.0,5.44,Falling,Normal,256.0,0.0,39.3,60.0,0.0,9.55,26121.0,https://www.screener.in/company/TATAELXSI/consolidated/,14.22,4.08,43.92,14.22,13.8,15.02,14.56,4.08,4.8,5.71,6.06,0,0,-0.34,-1.98,Stable,Stable/Reducing,4573.09,3658.47,4115.78,3201.16,FAIR VALUE,PE Mean Reversion: ₹327.58 | 52W Low Buffer: ₹4573.09,60.0,A  (Buy),4.0,2.0,1.0,3.0,10.0,10.0,10.0,6.0,7.0,10.0,done
DBCORP.NS,D B Corp,Miscellaneous,20.0,2026-04-26 11:11,215.52,3.81,-11.22,-18.65,185.96,281.85,15.9,Falling,Rising,11.9,0.0,16.7,21.1,0.0,-0.51,3842.0,https://www.screener.in/company/DBCORP/consolidated/,12.51,4.21,71.97,12.51,13.02,13.35,13.34,4.21,4.35,4.63,4.74,0,0,-0.83,-0.53,Stable,Stable/Reducing,362.22,289.78,326.0,253.55,STRONG BUY,PE Mean Reversion: ₹362.22 | 52W Low Buffer: ₹213.85,60.0,A  (Buy),4.0,2.0,10.0,3.0,6.0,8.0,10.0,0.0,10.0,8.0,done
NUCLEUS.NS,Nucleus Soft.,Miscellaneous,20.0,2026-04-26 11:15,773.9,-4.65,-14.96,-22.94,722.7,1318.45,7.08,Falling,Normal,12.6,0.0,16.8,22.6,0.0,5.77,2037.0,https://www.screener.in/company/NUCLEUS/consolidated/,3.99,0.34,73.26,3.99,3.69,5.02,5.65,0.34,0.59,1.65,1.9,0,0,-1.66,-1.56,Stable,Stable/Reducing,1228.41,982.73,1105.57,859.89,STRONG BUY,PE Mean Reversion: ₹1228.41 | 52W Low Buffer: ₹831.11,60.0,A  (Buy),2.0,2.0,8.0,3.0,6.0,8.0,10.0,4.0,10.0,10.0,done
NDRAUTO.NS,NDR Auto Compon.,Automobiles,25.0,2026-04-26 11:17,723.25,6.12,-2.12,-27.22,610.8,1171.6,18.41,Stable,Normal,28.4,0.0,19.1,22.8,0.0,10.24,1720.0,https://www.screener.in/company/NDRAUTO/consolidated/,0.0,0.0,73.95,0.0,0.01,0.01,0.0,0.0,0.0,0.0,0.0,0,0,0.0,0.0,Stable,No data,702.42,561.94,632.18,491.69,OVERVALUED +3.0%,PE Mean Reversion: ₹636.66 | 52W Low Buffer: ₹702.42,60.0,A  (Buy),4.0,5.0,4.0,3.0,6.0,8.0,10.0,6.0,10.0,8.0,done
SHARDACROP.NS,Sharda Cropchem,Miscellaneous,20.0,2026-04-26 17:12,1109.65,13.39,34.55,36.03,516.3,1256.0,114.92,Rising,Normal,17.7,0.0,12.6,16.5,0.0,16.46,10011.0,https://www.screener.in/company/SHARDACROP/consolidated/,2.0,12.75,74.82,2.0,2.01,2.06,2.14,12.75,12.29,12.42,12.41,1,0,-0.14,0.34,Selling (-0.1% over 4Q),Stable/Reducing,1253.84,1003.07,1128.46,877.69,WATCH,PE Mean Reversion: ₹1253.84 | 52W Low Buffer: ₹593.74,60.0,A  (Buy),7.0,5.0,6.0,3.0,4.0,6.0,10.0,8.0,10.0,2.0,done
PCJEWELLER.NS,PC Jeweller,Miscellaneous,20.0,2026-04-26 17:14,9.35,12.65,-7.61,-27.18,7.57,18.73,23.51,Stable,Rising,13.8,0.0,12.7,6.55,0.0,39.26,9079.0,https://www.screener.in/company/PCJEWELLER/consolidated/,0.84,1.49,54.53,0.84,0.78,0.93,2.57,1.49,1.45,1.45,1.45,0,1,-1.73,0.04,Stable,Accumulating (+0.0% over 4Q),13.55,10.84,12.2,9.48,STRONG BUY,PE Mean Reversion: ₹13.55 | 52W Low Buffer: ₹8.71,60.0,A  (Buy),2.0,7.0,8.0,3.0,4.0,1.0,10.0,10.0,10.0,8.0,done
WHEELS.NS,Wheels India,Miscellaneous,20.0,2026-04-26 17:43,1047.95,2.02,32.34,12.54,637.35,1089.55,64.42,Rising,Rising,18.9,0.0,12.6,16.4,0.0,9.15,2560.0,https://www.screener.in/company/WHEELS/consolidated/,0.21,20.02,58.73,0.21,0.26,0.19,0.29,20.02,18.81,18.32,13.13,0,1,-0.08,6.89,Stable,Accumulating (+6.9% over 4Q),1108.94,887.15,998.05,776.26,FAIR VALUE,PE Mean Reversion: ₹1108.94 | 52W Low Buffer: ₹732.95,60.0,A  (Buy),4.0,10.0,6.0,3.0,4.0,6.0,10.0,6.0,10.0,2.0,done
BLUEJET.NS,Blue Jet Health,Healthcare,25.0,2026-04-26 11:06,403.35,12.68,-17.78,-40.49,327.25,1008.43,23.25,Falling,Normal,49.6,0.0,52.1,57.3,0.0,-7.25,6997.0,https://www.screener.in/company/BLUEJET/consolidated/,2.93,3.7,86.0,2.93,2.01,2.02,2.18,3.7,3.04,2.14,1.75,0,1,0.75,1.95,Buying (+0.8% over 4Q),Accumulating (+1.9% over 4Q),376.34,301.07,338.71,263.44,OVERVALUED +7.2%,PE Mean Reversion: ₹203.3 | 52W Low Buffer: ₹376.34,59.5,B  (Watch),4.0,7.0,1.0,3.0,10.0,10.0,10.0,0.0,10.0,8.0,done
AMRUTANJAN.NS,Amrutanjan Healt,Miscellaneous,20.0,2026-04-26 11:17,576.55,11.83,-5.54,-17.95,493.65,763.43,16.79,Stable,Rising,81.8,0.0,20.0,31.4,0.0,12.03,1667.0,https://www.screener.in/company/AMRUTANJAN/consolidated/,0.69,7.22,50.03,0.69,0.75,0.8,1.38,7.22,7.1,7.24,7.29,1,0,-0.69,-0.07,Selling (-0.7% over 4Q),Stable/Reducing,567.7,454.16,510.93,397.39,OVERVALUED +1.6%,PE Mean Reversion: ₹140.97 | 52W Low Buffer: ₹567.7,59.5,B  (Watch),7.0,2.0,1.0,3.0,6.0,10.0,10.0,8.0,10.0,8.0,done
MASTEK.NS,Mastek,Miscellaneous,20.0,2026-04-26 17:25,1700.1,17.29,-16.5,-20.86,1342.2,2642.3,26.67,Falling,Normal,12.4,0.0,15.6,18.0,0.0,7.06,5270.0,https://www.screener.in/company/MASTEK/consolidated/,13.42,5.85,36.58,13.42,13.93,14.1,14.4,5.85,5.99,6.41,7.07,1,0,-0.98,-1.22,Selling (-1.0% over 4Q),Stable/Reducing,2742.1,2193.68,2467.89,1919.47,STRONG BUY,PE Mean Reversion: ₹2742.1 | 52W Low Buffer: ₹1543.53,59.5,B  (Watch),7.0,2.0,8.0,3.0,6.0,6.0,10.0,4.0,7.0,6.0,done
ANANDRATHI.NS,Anand Rathi Wea.,Finance,18.0,2026-04-26 10:58,3580.9,19.23,16.1,21.55,1672.26,3689.8,114.14,Rising,Rising,75.1,0.0,47.3,59.2,0.0,17.24,29729.0,https://www.screener.in/company/ANANDRATHI/consolidated/,2.11,9.72,48.75,2.11,1.84,3.01,4.86,9.72,10.26,9.16,8.78,0,0,-2.75,0.94,Stable,Stable/Reducing,1923.1,1538.48,1730.79,1346.17,OVERVALUED +86.2%,PE Mean Reversion: ₹858.27 | 52W Low Buffer: ₹1923.1,59.0,B  (Watch),2.0,5.0,1.0,3.0,10.0,10.0,10.0,8.0,7.0,2.0,done
CAMS.NS,Cams Services,Miscellaneous,20.0,2026-04-26 11:00,760.8,18.75,6.02,-0.61,622.45,844.78,22.23,Stable,Normal,40.7,0.0,43.9,53.6,0.0,3.87,18867.0,https://www.screener.in/company/CAMS/consolidated/,35.78,11.69,19.91,35.78,38.61,47.69,53.78,11.69,16.05,23.07,19.91,1,0,-18.0,-8.22,Selling (-18.0% over 4Q),Stable/Reducing,715.82,572.66,644.24,501.07,OVERVALUED +6.3%,PE Mean Reversion: ₹373.86 | 52W Low Buffer: ₹715.82,59.0,B  (Watch),10.0,2.0,1.0,3.0,10.0,10.0,10.0,2.0,3.0,8.0,done
PRICOLLTD.NS,Pricol Ltd,Miscellaneous,20.0,2026-04-26 11:06,594.65,11.45,-2.6,15.13,414.74,683.05,43.38,Stable,Normal,34.1,0.0,17.6,22.9,0.0,37.85,7248.0,https://www.screener.in/company/PRICOLLTD/consolidated/,2.89,5.58,38.51,2.89,3.96,6.5,14.39,5.58,5.59,6.92,16.59,1,0,-11.5,-11.01,Selling (-11.5% over 4Q),Stable/Reducing,476.95,381.56,429.25,333.86,OVERVALUED +24.7%,PE Mean Reversion: ₹348.77 | 52W Low Buffer: ₹476.95,59.0,B  (Watch),10.0,2.0,1.0,3.0,6.0,8.0,10.0,10.0,7.0,4.0,done
GALAXYSURF.NS,Galaxy Surfact.,Miscellaneous,20.0,2026-04-26 17:22,1764.5,7.53,-6.98,-21.39,1514.6,2692.55,16.5,Stable,Normal,21.5,0.0,13.5,16.2,0.0,20.33,6256.0,https://www.screener.in/company/GALAXYSURF/consolidated/,2.99,12.64,70.93,2.99,3.08,3.61,3.75,12.64,12.56,12.43,12.73,1,0,-0.76,-0.09,Selling (-0.8% over 4Q),Stable/Reducing,1741.79,1393.43,1567.61,1219.25,OVERVALUED +1.3%,PE Mean Reversion: ₹1641.4 | 52W Low Buffer: ₹1741.79,59.0,B  (Watch),7.0,2.0,4.0,3.0,4.0,6.0,10.0,10.0,10.0,8.0,done
THOMASCOOK.NS,Thomas Cook (I),Miscellaneous,20.0,2026-04-26 17:28,97.13,-6.01,-29.61,-36.4,87.99,185.73,10.39,Falling,Normal,18.1,0.0,11.9,18.7,0.0,5.6,4569.0,https://www.screener.in/company/THOMASCOOK/consolidated/,0.47,9.02,72.34,0.47,0.57,1.83,2.29,9.02,8.14,9.26,8.64,1,0,-1.82,0.38,Selling (-1.8% over 4Q),Stable/Reducing,107.33,85.86,96.6,75.13,FAIR VALUE,PE Mean Reversion: ₹107.33 | 52W Low Buffer: ₹101.19,59.0,B  (Watch),7.0,5.0,6.0,3.0,4.0,6.0,10.0,4.0,10.0,8.0,done
HUHTAMAKI.NS,Huhtamaki India,Miscellaneous,20.0,2026-04-26 18:02,177.24,9.94,-5.93,-23.78,148.32,267.19,19.5,Stable,Normal,15.8,0.0,13.0,17.6,0.0,6.92,1339.0,https://www.screener.in/company/HUHTAMAKI/consolidated/,1.52,1.53,67.73,1.52,1.43,0.89,1.21,1.53,1.25,1.32,1.3,0,0,0.31,0.23,Buying (+0.3% over 4Q),Stable/Reducing,224.35,179.48,201.91,157.04,BUY,PE Mean Reversion: ₹224.35 | 52W Low Buffer: ₹170.57,59.0,B  (Watch),4.0,5.0,8.0,3.0,4.0,6.0,10.0,4.0,10.0,8.0,done
REDTAPE.NS,Redtape,Miscellaneous,20.0,2026-04-26 11:06,127.19,8.52,1.21,-5.76,109.76,161.12,15.88,Stable,Normal,33.1,0.0,23.6,21.7,0.0,11.23,7031.0,https://www.screener.in/company/REDTAPE/consolidated/,2.22,6.44,71.77,2.22,2.74,3.1,3.17,6.44,7.3,7.86,8.89,1,0,-0.95,-2.45,Selling (-0.9% over 4Q),Stable/Reducing,126.22,100.98,113.6,88.35,OVERVALUED +0.8%,PE Mean Reversion: ₹76.85 | 52W Low Buffer: ₹126.22,58.5,B  (Watch),7.0,2.0,1.0,3.0,8.0,8.0,10.0,6.0,10.0,8.0,done
PUNJABCHEM.NS,Punjab Chemicals,Chemicals,30.0,2026-04-26 18:03,1035.4,1.28,-3.95,-19.99,892.7,1547.0,15.99,Stable,Normal,19.8,0.0,12.0,15.3,0.0,13.65,1269.0,https://www.screener.in/company/PUNJABCHEM/consolidated/,2.97,0.2,39.22,2.97,2.99,2.98,3.0,0.2,0.15,0.15,0.42,0,0,-0.03,-0.22,Stable,Stable/Reducing,1568.79,1255.03,1411.91,1098.15,STRONG BUY,PE Mean Reversion: ₹1568.79 | 52W Low Buffer: ₹1026.61,58.5,B  (Watch),4.0,2.0,8.0,3.0,4.0,6.0,10.0,8.0,7.0,8.0,done
TBOTEK.NS,TBO Tek,Miscellaneous,20.0,2026-04-26 11:02,1243.4,16.41,-19.97,-20.38,1013.5,1730.7,22.68,Falling,Rising,57.8,0.0,24.6,26.7,0.0,32.93,13502.0,https://www.screener.in/company/TBOTEK/consolidated/,42.79,6.61,44.4,42.79,43.06,38.05,31.61,6.61,6.59,11.78,17.88,0,0,11.18,-11.27,Buying (+11.2% over 4Q),Stable/Reducing,1165.52,932.42,1048.97,815.86,OVERVALUED +6.7%,PE Mean Reversion: ₹430.24 | 52W Low Buffer: ₹1165.52,58.0,B  (Watch),2.0,2.0,1.0,3.0,8.0,10.0,10.0,10.0,7.0,8.0,done
TIMETECHNO.NS,Time Technoplast,IT,28.0,2026-04-26 17:14,184.11,13.49,0.98,-17.16,153.37,242.95,20.05,Stable,Rising,20.4,0.0,14.2,17.4,0.0,8.06,9088.0,https://www.screener.in/company/TIMETECHNO/consolidated/,6.88,6.21,51.69,6.88,5.96,5.7,6.18,6.21,9.95,10.42,10.93,0,0,0.7,-4.72,Buying (+0.7% over 4Q),Stable/Reducing,252.7,202.16,227.43,176.89,BUY,PE Mean Reversion: ₹252.7 | 52W Low Buffer: ₹176.38,58.0,B  (Watch),4.0,2.0,8.0,3.0,4.0,6.0,10.0,6.0,10.0,8.0,done
GABRIEL.NS,Gabriel India,Miscellaneous,20.0,2026-04-26 11:01,973.0,12.75,4.32,-23.32,537.04,1314.83,81.18,Stable,Normal,53.7,0.0,22.2,28.4,0.0,11.49,13977.0,https://www.screener.in/company/GABRIEL/consolidated/,2.69,10.96,55.0,2.69,3.04,4.08,4.43,10.96,11.72,12.16,12.0,1,0,-1.74,-1.04,Selling (-1.7% over 4Q),Stable/Reducing,617.6,494.08,555.84,432.32,OVERVALUED +57.5%,PE Mean Reversion: ₹362.38 | 52W Low Buffer: ₹617.6,57.5,B  (Watch),7.0,2.0,1.0,3.0,8.0,10.0,10.0,6.0,10.0,2.0,done
PRUDENT.NS,Prudent Corp.,Finance,18.0,2026-04-26 11:02,2804.9,25.41,16.91,4.18,2162.2,3063.1,29.72,Rising,Normal,54.1,0.0,34.0,44.1,0.0,9.44,11614.0,https://www.screener.in/company/PRUDENT/consolidated/,1.42,9.23,58.43,1.42,3.81,3.77,12.11,9.23,15.67,15.75,15.69,0,0,-10.69,-6.46,Stable,Stable/Reducing,2486.53,1989.22,2237.88,1740.57,OVERVALUED +12.8%,PE Mean Reversion: ₹933.24 | 52W Low Buffer: ₹2486.53,57.5,B  (Watch),2.0,2.0,1.0,3.0,10.0,10.0,10.0,6.0,10.0,6.0,done
ACE.NS,Action Const.Eq.,Miscellaneous,20.0,2026-04-26 11:03,907.25,9.42,3.74,-15.13,748.95,1352.32,21.14,Stable,Rising,25.6,0.0,28.6,40.1,0.0,-3.46,10804.0,https://www.screener.in/company/ACE/consolidated/,6.51,3.45,66.76,6.51,8.96,8.81,9.35,3.45,2.79,2.61,2.21,0,1,-2.84,1.24,Stable,Accumulating (+1.2% over 4Q),861.29,689.03,775.16,602.9,OVERVALUED +5.3%,PE Mean Reversion: ₹708.79 | 52W Low Buffer: ₹861.29,57.5,B  (Watch),2.0,7.0,1.0,3.0,10.0,10.0,10.0,0.0,10.0,8.0,done
SYMPHONY.NS,Symphony,Miscellaneous,20.0,2026-04-26 11:08,794.7,3.01,-11.92,-10.83,688.3,1306.65,15.46,Falling,Normal,33.4,0.0,32.4,36.8,0.0,-38.2,5457.0,https://www.screener.in/company/SYMPHONY/consolidated/,3.62,10.69,73.38,3.62,3.81,3.4,3.32,10.69,10.44,11.03,10.27,0,0,0.3,0.42,Buying (+0.3% over 4Q),Stable/Reducing,791.54,633.23,712.39,554.08,OVERVALUED +0.4%,PE Mean Reversion: ₹475.87 | 52W Low Buffer: ₹791.54,57.5,B  (Watch),4.0,5.0,1.0,3.0,10.0,10.0,10.0,0.0,10.0,8.0,done
CARRARO.NS,Carraro India,Miscellaneous,20.0,2026-04-26 11:12,543.75,23.03,2.93,18.17,327.92,594.85,65.82,Stable,Rising,25.9,0.0,21.1,22.7,0.0,15.76,3091.0,https://www.screener.in/company/CARRARO/consolidated/,3.52,17.53,68.77,3.52,4.02,3.69,3.59,17.53,17.03,16.62,17.05,0,0,-0.07,0.48,Stable,Stable/Reducing,419.88,335.9,377.89,293.92,OVERVALUED +29.5%,PE Mean Reversion: ₹419.88 | 52W Low Buffer: ₹377.11,57.5,B  (Watch),4.0,5.0,1.0,3.0,8.0,8.0,10.0,8.0,10.0,2.0,done
WELCORP.NS,Welspun Enterp,Miscellaneous,20.0,2026-04-26 17:19,1207.45,50.21,63.47,42.35,721.85,1207.45,67.27,Rising,Rising,20.5,0.0,18.6,21.2,0.0,17.21,31851.0,https://www.screener.in/company/WELCORP/consolidated/,7.78,10.96,49.99,7.78,9.42,10.56,10.7,10.96,11.53,11.23,11.99,1,0,-2.92,-1.03,Selling (-2.9% over 4Q),Stable/Reducing,1178.0,942.4,1060.2,824.6,OVERVALUED +2.5%,PE Mean Reversion: ₹1178.0 | 52W Low Buffer: ₹830.13,57.5,B  (Watch),7.0,2.0,4.0,3.0,6.0,8.0,10.0,8.0,7.0,2.0,done
RAYMOND.NS,Raymond,Miscellaneous,20.0,2026-04-26 17:40,434.2,16.42,7.69,-25.08,321.85,1574.5,34.91,Stable,Normal,15.2,0.0,182.0,1.64,0.0,11.3,2891.0,https://www.screener.in/company/RAYMOND/consolidated/,17.76,5.5,49.11,17.76,17.71,14.39,14.5,5.5,6.0,7.88,8.78,0,0,3.26,-3.28,Buying (+3.3% over 4Q),Stable/Reducing,571.32,457.06,514.19,399.92,BUY,PE Mean Reversion: ₹571.32 | 52W Low Buffer: ₹370.13,57.5,B  (Watch),2.0,2.0,8.0,3.0,10.0,1.0,10.0,6.0,7.0,6.0,done
SANGHVIMOV.NS,Sanghvi Movers,Miscellaneous,20.0,2026-04-26 17:42,301.92,25.2,-4.23,-21.9,226.45,407.05,33.33,Stable,Rising,14.9,0.0,11.5,0.0,0.0,26.09,2614.0,https://www.screener.in/company/SANGHVIMOV/consolidated/,1.64,1.73,47.25,1.64,1.99,2.12,2.49,1.73,1.77,1.62,2.59,1,0,-0.85,-0.86,Selling (-0.8% over 4Q),Stable/Reducing,405.26,324.21,364.73,283.68,BUY,PE Mean Reversion: ₹405.26 | 52W Low Buffer: ₹260.42,57.5,B  (Watch),7.0,2.0,8.0,3.0,4.0,1.0,10.0,10.0,7.0,6.0,done
DATAMATICS.NS,Datamatics Glob.,Miscellaneous,20.0,2026-04-26 17:29,707.4,3.07,-0.48,-19.92,554.54,1077.95,27.57,Stable,Normal,19.2,0.0,12.5,15.0,0.0,14.05,4181.0,https://www.screener.in/company/DATAMATICS/consolidated/,2.55,0.19,66.5,2.55,3.14,2.81,2.33,0.19,0.33,0.36,0.19,0,0,0.22,0.0,Buying (+0.2% over 4Q),Stable/Reducing,736.88,589.5,663.19,515.82,FAIR VALUE,PE Mean Reversion: ₹736.88 | 52W Low Buffer: ₹637.72,57.0,B  (Watch),4.0,5.0,6.0,3.0,4.0,4.0,10.0,8.0,10.0,6.0,done
GRAVITA.NS,Gravita India,Miscellaneous,20.0,2026-04-26 11:03,1568.0,11.59,-2.81,-4.53,1295.1,2113.3,21.07,Stable,Rising,30.3,0.0,21.2,21.5,0.0,6.75,11573.0,https://www.screener.in/company/GRAVITA/consolidated/,9.32,0.39,66.48,9.32,9.99,10.58,11.08,0.39,0.42,0.43,0.43,1,0,-1.76,-0.04,Selling (-1.8% over 4Q),Stable/Reducing,1489.36,1191.49,1340.42,1042.55,OVERVALUED +5.3%,PE Mean Reversion: ₹1034.98 | 52W Low Buffer: ₹1489.36,56.5,B  (Watch),7.0,2.0,1.0,3.0,8.0,8.0,10.0,4.0,10.0,8.0,done
MANORG.NS,Manorama Indust.,Miscellaneous,20.0,2026-04-26 11:05,448.35,12.02,-4.5,-13.83,367.05,621.05,22.15,Stable,Rising,13.9,0.0,4.39,7.48,0.0,16.79,384.0,https://www.screener.in/company/MANORG/consolidated/,0.0,0.0,54.91,0.0,0.0,0.02,0.02,0.0,0.0,0.0,0.0,1,0,-0.02,0.0,Selling (-0.0% over 4Q),No data,645.11,516.09,580.6,451.58,STRONG BUY,PE Mean Reversion: ₹645.11 | 52W Low Buffer: ₹422.11,56.5,B  (Watch),7.0,5.0,8.0,3.0,1.0,1.0,10.0,8.0,10.0,8.0,done
ITDC.NS,I T D C,Miscellaneous,20.0,2026-04-26 11:09,584.95,37.09,2.84,-7.0,370.5,672.85,57.88,Stable,Rising,62.6,0.0,24.2,30.5,0.0,3.68,5017.0,https://www.screener.in/company/ITDC/consolidated/,0.02,1.98,87.03,0.02,0.02,0.0,0.09,1.98,1.98,1.86,1.79,0,1,-0.07,0.19,Stable,Accumulating (+0.2% over 4Q),426.07,340.86,383.46,298.25,OVERVALUED +37.3%,PE Mean Reversion: ₹186.88 | 52W Low Buffer: ₹426.07,56.5,B  (Watch),4.0,7.0,1.0,3.0,8.0,10.0,10.0,2.0,10.0,4.0,done
AGIIL.NS,AGI Infra,Real Estate,25.0,2026-04-26 11:10,357.2,14.6,25.29,24.07,148.54,374.6,140.47,Rising,Rising,53.2,0.0,25.7,22.0,0.0,7.08,4465.0,https://www.screener.in/company/AGIIL/consolidated/,0.0,0.0,72.95,0.0,0.0,0.0,0.0,0.0,0.0,0.0,0.0,0,0,0.0,0.0,No data,No data,170.82,136.66,153.74,119.57,OVERVALUED +109.1%,PE Mean Reversion: ₹167.86 | 52W Low Buffer: ₹170.82,56.5,B  (Watch),4.0,5.0,1.0,3.0,10.0,8.0,10.0,4.0,10.0,2.0,done
POKARNA.NS,Pokarna,Miscellaneous,20.0,2026-04-26 11:13,903.15,9.05,17.24,22.75,704.5,1124.7,28.2,Rising,Normal,24.6,0.0,27.4,28.4,0.0,-25.73,2800.0,https://www.screener.in/company/POKARNA/consolidated/,3.66,10.34,56.66,3.66,3.95,4.05,4.27,10.34,10.38,10.25,11.16,1,0,-0.61,-0.82,Selling (-0.6% over 4Q),Stable/Reducing,810.17,648.14,729.15,567.12,OVERVALUED +11.5%,PE Mean Reversion: ₹734.27 | 52W Low Buffer: ₹810.17,56.5,B  (Watch),7.0,2.0,1.0,3.0,10.0,10.0,10.0,0.0,10.0,6.0,done
NPST.NS,Network People,Miscellaneous,20.0,2026-04-26 11:14,1212.6,9.65,-8.57,-36.03,878.6,2355.36,38.02,Stable,Normal,73.1,0.0,56.0,69.2,0.0,-8.09,2528.0,https://www.screener.in/company/NPST/consolidated/,0.0,9.66,67.55,0.0,0.0,0.0,0.0,9.66,9.66,9.66,9.66,0,0,0.0,0.0,No data,Stable/Reducing,1010.39,808.31,909.35,707.27,OVERVALUED +20.0%,PE Mean Reversion: ₹331.76 | 52W Low Buffer: ₹1010.39,56.5,B  (Watch),4.0,5.0,1.0,3.0,10.0,10.0,10.0,0.0,10.0,6.0,done
AIMTRON.NS,Aimtron,Miscellaneous,20.0,2026-04-26 11:15,995.1,26.15,21.97,44.64,488.4,1018.4,103.75,Rising,Rising,59.0,0.0,24.8,29.2,0.0,40.88,2051.0,https://www.screener.in/company/AIMTRON/consolidated/,1.82,1.47,71.3,1.82,1.01,0.47,0.22,1.47,3.54,2.39,2.17,0,0,1.6,-0.7,Buying (+1.6% over 4Q),Stable/Reducing,561.66,449.33,505.49,393.16,OVERVALUED +77.2%,PE Mean Reversion: ₹337.32 | 52W Low Buffer: ₹561.66,56.5,B  (Watch),2.0,2.0,1.0,3.0,8.0,10.0,10.0,10.0,10.0,2.0,done
APCOTEXIND.NS,Apcotex Industri,Miscellaneous,20.0,2026-04-26 17:49,394.15,12.28,12.33,10.02,299.74,424.74,31.5,Rising,Normal,54.5,0.0,24.4,19.8,0.0,23.21,2043.0,https://www.screener.in/company/APCOTEXIND/consolidated/,0.49,0.05,58.23,0.49,0.51,0.51,0.48,0.05,0.19,0.44,0.56,0,0,0.01,-0.51,Buying (+0.0% over 4Q),Stable/Reducing,344.7,275.76,310.23,241.29,OVERVALUED +14.3%,PE Mean Reversion: ₹144.64 | 52W Low Buffer: ₹344.7,56.5,B  (Watch),4.0,2.0,1.0,3.0,8.0,6.0,10.0,10.0,10.0,6.0,done
AVANTEL.NS,Avantel,Miscellaneous,20.0,2026-04-26 11:10,154.16,21.02,1.32,-25.61,105.44,211.66,46.2,Stable,Rising,251.0,0.0,28.1,37.1,0.0,-16.47,4096.0,https://www.screener.in/company/AVANTEL/consolidated/,0.0,0.03,40.1,0.0,0.0,0.0,0.0,0.03,0.01,0.01,0.0,0,1,0.0,0.03,No data,Accumulating (+0.0% over 4Q),121.26,97.01,109.13,84.88,OVERVALUED +27.1%,PE Mean Reversion: ₹12.28 | 52W Low Buffer: ₹121.26,56.0,B  (Watch),4.0,7.0,1.0,3.0,10.0,10.0,10.0,0.0,7.0,4.0,done
TRITURBINE.NS,Triveni Turbine,Power,25.0,2026-04-26 11:00,569.85,24.93,12.56,8.69,435.25,662.2,30.92,Rising,Rising,51.4,0.0,30.6,41.4,0.0,1.69,18115.0,https://www.screener.in/company/TRITURBINE/consolidated/,26.79,12.56,55.84,26.79,27.68,27.28,27.26,12.56,11.66,12.49,12.71,0,0,-0.47,-0.15,Stable,Stable/Reducing,500.54,400.43,450.49,350.38,OVERVALUED +13.8%,PE Mean Reversion: ₹277.16 | 52W Low Buffer: ₹500.54,55.5,B  (Watch),4.0,2.0,1.0,3.0,10.0,10.0,10.0,2.0,10.0,6.0,done
REDINGTON.NS,Redington,Miscellaneous,20.0,2026-04-26 17:02,216.48,-0.4,-20.89,-25.38,199.95,322.52,8.27,Falling,Normal,12.1,0.0,14.4,18.9,0.0,13.14,16924.0,https://www.screener.in/company/REDINGTON/consolidated/,59.22,17.4,0.0,59.22,56.26,56.99,58.09,17.4,17.38,17.92,18.57,0,0,1.13,-1.17,Buying (+1.1% over 4Q),Stable/Reducing,357.82,286.26,322.04,250.47,STRONG BUY,PE Mean Reversion: ₹357.82 | 52W Low Buffer: ₹229.94,55.5,B  (Watch),2.0,2.0,8.0,3.0,4.0,6.0,10.0,8.0,3.0,10.0,done
BEML.NS,BEML Ltd,Miscellaneous,20.0,2026-04-26 17:05,1792.4,18.34,-0.96,-17.74,1369.4,2390.25,30.89,Stable,Rising,59.9,0.0,10.5,15.6,0.0,4.65,14929.0,https://www.screener.in/company/BEML/consolidated/,6.08,19.51,54.03,6.08,6.79,9.12,9.91,19.51,19.03,18.97,17.79,1,1,-3.83,1.72,Selling (-3.8% over 4Q),Accumulating (+1.7% over 4Q),1574.81,1259.85,1417.33,1102.37,OVERVALUED +13.8%,PE Mean Reversion: ₹598.46 | 52W Low Buffer: ₹1574.81,55.5,B  (Watch),10.0,7.0,1.0,3.0,4.0,6.0,10.0,4.0,10.0,6.0,done
VINATIORGA.NS,Vinati Organics,Miscellaneous,20.0,2026-04-26 17:07,1280.6,-7.62,-19.78,-25.62,1209.0,2013.27,5.92,Falling,Rising,30.0,0.0,15.4,20.2,0.0,1.02,13275.0,https://www.screener.in/company/VINATIORGA/consolidated/,4.47,8.11,74.06,4.47,4.64,4.71,4.93,8.11,8.18,7.55,7.3,1,0,-0.46,0.81,Selling (-0.5% over 4Q),Stable/Reducing,1390.35,1112.28,1251.32,973.24,FAIR VALUE,PE Mean Reversion: ₹853.73 | 52W Low Buffer: ₹1390.35,55.5,B  (Watch),7.0,5.0,1.0,3.0,6.0,8.0,10.0,2.0,10.0,10.0,done
SHREMINVIT.NS,Shrem InvIT,Miscellaneous,20.0,2026-04-26 17:21,105.0,15.53,12.68,16.23,88.28,105.0,18.94,Rising,Normal,7.45,0.0,17.3,11.2,0.0,-1.38,6414.0,https://www.screener.in/company/SHREMINVIT/consolidated/,0.0,0.0,0.0,0.0,0.0,0.0,0.0,0.0,0.0,0.0,0.0,0,0,0.0,0.0,No data,No data,281.88,225.5,253.69,197.32,STRONG BUY,PE Mean Reversion: ₹281.88 | 52W Low Buffer: ₹101.52,55.5,B  (Watch),4.0,5.0,10.0,3.0,6.0,4.0,10.0,0.0,3.0,8.0,done
PTC.NS,PTC India,Miscellaneous,20.0,2026-04-26 17:24,183.65,11.18,16.27,13.48,149.9,192.16,22.51,Rising,Rising,8.74,0.0,12.3,11.5,0.0,-2.73,5436.0,https://www.screener.in/company/PTC/consolidated/,28.28,8.31,16.22,28.28,27.47,28.78,29.41,8.31,7.82,6.32,5.91,0,1,-1.13,2.4,Stable,Accumulating (+2.4% over 4Q),420.25,336.2,378.23,294.17,STRONG BUY,PE Mean Reversion: ₹420.25 | 52W Low Buffer: ₹172.38,55.5,B  (Watch),2.0,10.0,10.0,3.0,4.0,4.0,10.0,0.0,3.0,8.0,done
SIS.NS,SIS,Miscellaneous,20.0,2026-04-26 17:27,335.7,22.67,2.96,5.32,263.75,382.56,27.28,Stable,Normal,13.8,0.0,0.45,5.47,0.0,13.12,4743.0,https://www.screener.in/company/SIS/consolidated/,15.25,3.96,71.59,15.25,16.31,16.41,16.87,3.96,3.12,3.17,2.91,1,0,-1.62,1.05,Selling (-1.6% over 4Q),Stable/Reducing,486.52,389.22,437.87,340.56,STRONG BUY,PE Mean Reversion: ₹486.52 | 52W Low Buffer: ₹303.31,55.5,B  (Watch),7.0,5.0,8.0,3.0,1.0,1.0,10.0,8.0,10.0,6.0,done
KSB.NS,KSB,Miscellaneous,20.0,2026-04-26 11:01,971.5,24.19,33.37,20.96,680.0,996.1,42.87,Rising,Normal,58.5,0.0,18.3,24.5,0.0,6.44,16908.0,https://www.screener.in/company/KSB/consolidated/,3.43,10.3,66.69,3.43,3.51,4.5,5.22,10.3,10.88,10.13,10.03,1,0,-1.79,0.27,Selling (-1.8% over 4Q),Stable/Reducing,782.0,625.6,703.8,547.4,OVERVALUED +24.2%,PE Mean Reversion: ₹332.14 | 52W Low Buffer: ₹782.0,54.5,B  (Watch),7.0,5.0,1.0,3.0,6.0,8.0,10.0,4.0,10.0,4.0,done
ELECON.NS,Elecon Engg.Co,Engineering,25.0,2026-04-26 11:03,512.75,31.52,29.5,-7.83,354.75,703.17,44.54,Rising,Rising,32.2,0.0,16.6,21.0,0.0,6.24,11506.0,https://www.screener.in/company/ELECON/consolidated/,2.81,2.02,59.29,2.81,4.88,5.96,7.58,2.02,2.92,2.64,2.29,1,0,-4.77,-0.27,Selling (-4.8% over 4Q),Stable/Reducing,407.96,326.37,367.16,285.57,OVERVALUED +25.7%,PE Mean Reversion: ₹398.1 | 52W Low Buffer: ₹407.96,54.5,B  (Watch),10.0,2.0,1.0,3.0,6.0,8.0,10.0,4.0,10.0,4.0,done
VIJAYA.NS,Vijaya Diagnost.,Healthcare,25.0,2026-04-26 11:03,1065.55,17.79,7.12,8.57,861.4,1139.06,23.7,Stable,Rising,68.3,0.0,19.0,20.9,0.0,12.78,10964.0,https://www.screener.in/company/VIJAYA/consolidated/,20.27,19.02,54.98,20.27,20.68,19.95,20.09,19.02,18.64,19.82,20.8,0,0,0.18,-1.78,Buying (+0.2% over 4Q),Stable/Reducing,990.61,792.49,891.55,693.43,OVERVALUED +7.6%,PE Mean Reversion: ₹390.03 | 52W Low Buffer: ₹990.61,54.5,B  (Watch),4.0,2.0,1.0,3.0,6.0,8.0,10.0,8.0,10.0,8.0,done
CERA.NS,Cera Sanitary.,Miscellaneous,20.0,2026-04-26 11:06,5328.3,12.09,4.55,-11.53,4524.3,7052.5,17.77,Stable,Normal,27.8,0.0,18.2,22.4,0.0,1.14,6872.0,https://www.screener.in/company/CERA/consolidated/,19.44,9.04,54.48,19.44,20.92,20.63,21.93,9.04,8.38,8.38,6.61,0,1,-2.49,2.43,Stable,Accumulating (+2.4% over 4Q),5202.94,4162.35,4682.65,3642.06,OVERVALUED +2.4%,PE Mean Reversion: ₹3833.31 | 52W Low Buffer: ₹5202.94,54.5,B  (Watch),2.0,10.0,1.0,3.0,6.0,8.0,10.0,2.0,10.0,8.0,done
KOVAI.NS,Kovai Medical,Pharmaceuticals,25.0,2026-04-26 11:07,5659.6,0.0,0.0,0.0,5487.9,5676.6,3.13,Stable,Normal,107.0,0.0,22.2,24.1,0.0,11.49,6192.0,https://www.screener.in/company/KOVAI/consolidated/,2.2,2.19,56.26,2.2,2.25,2.24,0.34,2.19,2.09,2.09,4.18,0,0,1.86,-1.99,Buying (+1.9% over 4Q),Stable/Reducing,6311.08,5048.86,5679.97,4417.76,WATCH,PE Mean Reversion: ₹1322.34 | 52W Low Buffer: ₹6311.08,54.5,B  (Watch),2.0,2.0,1.0,3.0,8.0,8.0,10.0,6.0,10.0,10.0,done
STUDDS.NS,Studds Accessor.,Miscellaneous,20.0,2026-04-26 11:15,486.45,-0.86,-8.73,0.0,445.0,574.6,9.31,Stable,Normal,25.8,0.0,16.7,22.6,0.0,10.4,1914.0,https://www.screener.in/company/STUDDS/consolidated/,1.36,8.98,61.75,1.36,1.07,0.0,0.0,8.98,9.6,0.0,0.0,0,0,1.36,8.98,Buying (+1.4% over 4Q),Stable/Reducing,511.75,409.4,460.57,358.22,FAIR VALUE,PE Mean Reversion: ₹377.09 | 52W Low Buffer: ₹511.75,54.5,B  (Watch),2.0,5.0,1.0,3.0,6.0,8.0,10.0,6.0,10.0,10.0,done
KRISHNADEF.NS,Krishna Defence,Defence,25.0,2026-04-26 11:17,1045.05,16.32,17.63,26.89,673.2,1161.4,55.24,Rising,Normal,43.5,0.0,18.6,24.3,0.0,83.02,1561.0,https://www.screener.in/company/KRISHNADEF/consolidated/,0.0,0.0,100.0,0.0,0.1,0.0,0.0,0.0,0.0,0.0,0.27,0,0,0.0,-0.27,Stable,Stable/Reducing,774.18,619.34,696.76,541.93,OVERVALUED +35.0%,PE Mean Reversion: ₹600.6 | 52W Low Buffer: ₹774.18,54.5,B  (Watch),4.0,2.0,1.0,3.0,6.0,8.0,10.0,10.0,10.0,4.0,done
DEEPAKFERT.NS,Deepak Fertilis.,Miscellaneous,20.0,2026-04-26 17:04,1221.9,34.49,0.42,-18.38,872.1,1731.1,40.11,Stable,Rising,17.6,0.0,15.6,15.7,0.0,8.64,15425.0,https://www.screener.in/company/DEEPAKFERT/consolidated/,13.44,2.07,45.46,13.44,12.97,13.16,12.76,2.07,2.83,3.5,3.16,0,0,0.68,-1.09,Buying (+0.7% over 4Q),Stable/Reducing,1388.52,1110.82,1249.67,971.96,WATCH,PE Mean Reversion: ₹1388.52 | 52W Low Buffer: ₹1002.91,54.5,B  (Watch),4.0,2.0,6.0,3.0,6.0,6.0,10.0,6.0,7.0,4.0,done
MONTECARLO.NS,Monte Carlo Fas.,Miscellaneous,20.0,2026-04-26 18:07,543.7,3.49,-10.88,-18.9,466.9,834.85,16.45,Falling,Normal,11.7,0.0,9.94,12.9,0.0,9.27,1127.0,https://www.screener.in/company/MONTECARLO/consolidated/,1.23,1.18,73.17,1.23,1.08,1.1,0.98,1.18,1.61,1.97,1.95,0,0,0.25,-0.77,Buying (+0.2% over 4Q),Stable/Reducing,929.4,743.52,836.46,650.58,STRONG BUY,PE Mean Reversion: ₹929.4 | 52W Low Buffer: ₹536.93,54.5,B  (Watch),4.0,2.0,10.0,3.0,1.0,4.0,10.0,6.0,10.0,8.0,done
AARTIDRUGS.NS,Aarti Drugs,Pharmaceuticals,25.0,2026-04-26 17:36,366.7,6.86,-5.68,-28.44,319.75,542.14,14.68,Stable,Normal,16.5,0.0,12.7,13.1,0.0,5.66,3347.0,https://www.screener.in/company/AARTIDRUGS/consolidated/,1.97,4.72,58.7,1.97,2.33,2.1,2.56,4.72,5.32,5.26,5.99,0,0,-0.59,-1.27,Stable,Stable/Reducing,555.61,444.49,500.05,388.93,STRONG BUY,PE Mean Reversion: ₹555.61 | 52W Low Buffer: ₹367.71,54.0,B  (Watch),4.0,2.0,8.0,3.0,4.0,4.0,10.0,4.0,10.0,8.0,done
INSECTICID.NS,Insecticid.India,Miscellaneous,20.0,2026-04-26 17:49,699.65,21.71,9.42,-5.46,528.4,1068.79,32.41,Stable,Rising,14.4,0.0,13.5,17.4,0.0,3.65,2036.0,https://www.screener.in/company/INSECTICID/consolidated/,6.02,10.53,72.16,6.02,5.19,4.41,4.31,10.53,9.36,9.12,9.14,0,0,1.71,1.39,Buying (+1.7% over 4Q),Stable/Reducing,971.74,777.39,874.57,680.22,BUY,PE Mean Reversion: ₹971.74 | 52W Low Buffer: ₹607.66,54.0,B  (Watch),2.0,5.0,8.0,3.0,4.0,6.0,10.0,2.0,10.0,6.0,done
PFIZER.NS,Pfizer,Miscellaneous,20.0,2026-04-26 10:59,4733.2,-0.84,-1.79,-11.25,4123.93,5766.5,14.77,Stable,Normal,141.0,0.0,19.8,27.2,0.0,0.3,21653.0,https://www.screener.in/company/PFIZER/consolidated/,2.81,14.89,63.92,2.81,2.82,3.03,3.32,14.89,15.0,15.15,15.32,1,0,-0.51,-0.43,Selling (-0.5% over 4Q),Stable/Reducing,4742.52,3794.02,4268.27,3319.76,FAIR VALUE,PE Mean Reversion: ₹671.38 | 52W Low Buffer: ₹4742.52,53.5,B  (Watch),7.0,2.0,1.0,3.0,6.0,10.0,10.0,2.0,10.0,8.0,done
RITES.NS,Rites,Miscellaneous,20.0,2026-04-26 11:04,216.77,13.16,-5.7,-13.41,175.63,299.64,23.42,Stable,Rising,25.2,0.0,14.7,21.8,0.0,1.98,10418.0,https://www.screener.in/company/RITES/consolidated/,3.44,15.25,72.2,3.44,3.98,3.22,4.17,15.25,12.72,12.27,11.09,0,1,-0.73,4.16,Stable,Accumulating (+4.2% over 4Q),201.97,161.58,181.77,141.38,OVERVALUED +7.3%,PE Mean Reversion: ₹172.04 | 52W Low Buffer: ₹201.97,53.5,B  (Watch),4.0,10.0,1.0,3.0,4.0,8.0,10.0,2.0,10.0,8.0,done
ADFFOODS.NS,ADF Foods,FMCG,45.0,2026-04-26 17:40,260.15,49.14,34.37,28.82,157.89,296.22,64.77,Rising,Rising,33.5,0.0,14.0,16.9,0.0,9.49,2858.0,https://www.screener.in/company/ADFFOODS/consolidated/,9.46,7.91,36.5,9.46,9.57,9.57,9.55,7.91,7.91,8.01,8.64,0,0,-0.09,-0.73,Stable,Stable/Reducing,349.46,279.57,314.51,244.62,BUY,PE Mean Reversion: ₹349.46 | 52W Low Buffer: ₹181.57,53.5,B  (Watch),4.0,2.0,8.0,3.0,4.0,6.0,10.0,6.0,7.0,2.0,done
EXCELINDUS.NS,Excel Industries,Miscellaneous,20.0,2026-04-26 18:06,927.45,6.06,1.31,-17.65,806.4,1392.46,15.01,Stable,Normal,15.4,0.0,5.21,7.11,0.0,8.49,1166.0,https://www.screener.in/company/EXCELINDUS/consolidated/,0.74,6.99,52.6,0.74,0.7,0.66,0.56,6.99,6.97,6.97,6.97,0,1,0.18,0.02,Buying (+0.2% over 4Q),Accumulating (+0.0% over 4Q),1204.48,963.58,1084.03,843.14,BUY,PE Mean Reversion: ₹1204.48 | 52W Low Buffer: ₹927.36,53.5,B  (Watch),4.0,7.0,8.0,3.0,1.0,1.0,10.0,6.0,10.0,8.0,done
IONEXCHANG.NS,ION Exchange,Miscellaneous,20.0,2026-04-26 11:08,397.35,17.54,13.03,-0.28,317.25,566.29,25.25,Rising,Normal,30.1,0.0,18.7,22.3,0.0,5.44,5828.0,https://www.screener.in/company/IONEXCHANG/consolidated/,2.44,11.66,26.94,2.44,3.94,5.2,5.63,11.66,11.9,11.95,12.21,1,0,-3.19,-0.55,Selling (-3.2% over 4Q),Stable/Reducing,364.84,291.87,328.36,255.39,OVERVALUED +8.9%,PE Mean Reversion: ₹264.02 | 52W Low Buffer: ₹364.84,53.0,B  (Watch),10.0,2.0,1.0,3.0,6.0,8.0,10.0,4.0,5.0,6.0,done
CARERATING.NS,CARE Ratings,Miscellaneous,20.0,2026-04-26 11:09,1560.1,1.46,-2.92,6.51,1190.92,1917.01,31.0,Stable,Rising,29.1,0.0,18.0,24.6,0.0,12.44,4688.0,https://www.screener.in/company/CARERATING/consolidated/,20.25,23.17,0.0,20.25,20.9,21.67,22.91,23.17,23.72,26.32,26.89,1,0,-2.66,-3.72,Selling (-2.7% over 4Q),Stable/Reducing,1369.56,1095.65,1232.6,958.69,OVERVALUED +13.9%,PE Mean Reversion: ₹1072.23 | 52W Low Buffer: ₹1369.56,53.0,B  (Watch),7.0,2.0,1.0,3.0,6.0,8.0,10.0,8.0,3.0,6.0,done
MANINFRA.NS,Man Infra,Real Estate,25.0,2026-04-26 11:10,113.53,24.63,-2.17,-21.21,78.44,188.82,44.73,Stable,Rising,19.5,0.0,17.5,23.5,0.0,-29.69,4583.0,https://www.screener.in/company/MANINFRA/consolidated/,2.39,1.67,67.12,2.39,3.72,3.5,3.55,1.67,2.1,2.09,2.1,0,0,-1.16,-0.43,Stable,Stable/Reducing,145.55,116.44,131.0,101.89,BUY,PE Mean Reversion: ₹145.55 | 52W Low Buffer: ₹90.21,53.0,B  (Watch),2.0,2.0,8.0,3.0,6.0,8.0,10.0,0.0,10.0,4.0,done
GOODLUCK.NS,Goodluck India,Miscellaneous,20.0,2026-04-26 17:31,1189.35,16.94,4.83,-6.12,685.56,1303.48,73.49,Stable,Normal,23.5,0.0,13.6,15.1,0.0,4.57,3953.0,https://www.screener.in/company/GOODLUCK/consolidated/,0.05,0.0,58.73,0.05,0.11,1.24,5.2,0.0,0.0,1.18,1.85,1,0,-5.15,-1.85,Selling (-5.2% over 4Q),Stable/Reducing,1012.21,809.77,910.99,708.55,OVERVALUED +17.5%,PE Mean Reversion: ₹1012.21 | 52W Low Buffer: ₹788.39,53.0,B  (Watch),10.0,2.0,4.0,3.0,4.0,6.0,10.0,4.0,10.0,2.0,done
JWL.NS,Jupiter Wagons,Automobiles,25.0,2026-04-26 11:02,279.12,6.29,-15.71,-16.53,238.1,421.01,17.23,Falling,Normal,47.2,0.0,17.4,21.1,0.0,-19.76,11929.0,https://www.screener.in/company/JWL/consolidated/,0.27,2.26,72.37,0.27,0.86,1.26,2.28,2.26,1.01,2.05,1.92,1,0,-2.01,0.34,Selling (-2.0% over 4Q),Stable/Reducing,273.81,219.05,246.43,191.67,OVERVALUED +1.9%,PE Mean Reversion: ₹147.84 | 52W Low Buffer: ₹273.81,52.5,B  (Watch),7.0,5.0,1.0,3.0,6.0,8.0,10.0,0.0,10.0,8.0,done
NCC.NS,NCC,Miscellaneous,20.0,2026-04-26 11:04,161.99,15.22,8.01,-23.15,130.94,237.56,23.71,Stable,Normal,13.6,0.0,11.4,21.7,0.0,-6.66,10170.0,https://www.screener.in/company/NCC/consolidated/,22.46,12.29,22.0,22.46,24.18,23.89,27.33,12.29,11.03,10.52,10.63,0,0,-4.87,1.66,Stable,Stable/Reducing,238.22,190.58,214.4,166.75,STRONG BUY,PE Mean Reversion: ₹238.22 | 52W Low Buffer: ₹150.58,52.5,B  (Watch),2.0,5.0,8.0,3.0,4.0,8.0,10.0,0.0,5.0,8.0,done
AEROFLEX.NS,Aeroflex,Defence,25.0,2026-04-26 11:11,277.87,18.87,57.44,60.61,157.21,311.23,76.75,Rising,Normal,74.9,0.0,16.6,22.3,0.0,8.51,3677.0,https://www.screener.in/company/AEROFLEX/consolidated/,1.13,6.76,66.99,1.13,0.36,0.29,0.21,6.76,5.83,6.16,5.91,0,0,0.92,0.85,Buying (+0.9% over 4Q),Stable/Reducing,180.79,144.63,162.71,126.55,OVERVALUED +53.7%,PE Mean Reversion: ₹92.75 | 52W Low Buffer: ₹180.79,52.5,B  (Watch),4.0,5.0,1.0,3.0,6.0,8.0,10.0,6.0,10.0,2.0,done
THEJO.NS,Thejo Engg.,Engineering,25.0,2026-04-26 11:16,1740.7,11.89,-6.35,-4.55,1457.4,2429.01,19.44,Stable,Rising,37.4,0.0,18.2,22.1,0.0,9.42,1888.0,https://www.screener.in/company/THEJO/consolidated/,0.14,0.45,54.34,0.14,0.0,0.0,0.49,0.45,0.72,0.72,0.76,0,0,-0.35,-0.31,Stable,Stable/Reducing,1676.01,1340.81,1508.41,1173.21,OVERVALUED +3.9%,PE Mean Reversion: ₹1163.57 | 52W Low Buffer: ₹1676.01,52.5,B  (Watch),4.0,2.0,1.0,3.0,6.0,8.0,10.0,6.0,10.0,8.0,done
FDC.NS,FDC,Miscellaneous,20.0,2026-04-26 17:22,366.15,10.0,-4.88,-18.69,321.1,503.28,14.03,Stable,Rising,25.7,0.0,11.8,15.9,0.0,-1.42,5961.0,https://www.screener.in/company/FDC/consolidated/,2.06,9.13,69.49,2.06,2.42,2.43,2.65,9.13,8.12,7.76,6.94,1,1,-0.59,2.19,Selling (-0.6% over 4Q),Accumulating (+2.2% over 4Q),369.26,295.41,332.33,258.48,FAIR VALUE,PE Mean Reversion: ₹284.94 | 52W Low Buffer: ₹369.26,52.5,B  (Watch),7.0,10.0,1.0,3.0,4.0,6.0,10.0,0.0,10.0,8.0,done
KDDL.NS,KDDL Ltd,Miscellaneous,20.0,2026-04-26 17:38,2510.2,14.34,11.74,-6.76,2026.0,2925.61,23.9,Rising,Normal,36.7,0.0,11.5,14.1,0.0,21.24,3087.0,https://www.screener.in/company/KDDL/consolidated/,12.5,2.33,50.22,12.5,12.34,11.83,11.46,2.33,1.97,1.67,1.63,0,1,1.04,0.7,Buying (+1.0% over 4Q),Accumulating (+0.7% over 4Q),2329.9,1863.92,2096.91,1630.93,OVERVALUED +7.7%,PE Mean Reversion: ₹1367.96 | 52W Low Buffer: ₹2329.9,52.5,B  (Watch),2.0,7.0,1.0,3.0,4.0,4.0,10.0,10.0,10.0,8.0,done
ELGIEQUIP.NS,Elgi Equipments,Engineering,25.0,2026-04-26 11:01,547.3,14.01,24.6,13.11,415.55,593.55,31.7,Rising,Normal,41.8,0.0,20.1,21.9,0.0,9.15,17344.0,https://www.screener.in/company/ELGIEQUIP/consolidated/,29.33,4.87,31.19,29.33,28.82,29.02,29.54,4.87,4.84,4.92,4.97,0,0,-0.21,-0.1,Stable,Stable/Reducing,477.88,382.3,430.09,334.52,OVERVALUED +14.5%,PE Mean Reversion: ₹327.33 | 52W Low Buffer: ₹477.88,52.0,B  (Watch),4.0,2.0,1.0,3.0,8.0,8.0,10.0,6.0,5.0,6.0,done
SAILIFE.NS,Sai Life,Miscellaneous,20.0,2026-04-26 16:59,1024.95,2.49,13.22,18.98,680.05,1069.2,50.72,Rising,Normal,64.0,0.0,11.0,14.0,0.0,28.02,21706.0,https://www.screener.in/company/SAILIFE/consolidated/,11.72,11.95,35.23,11.72,12.36,14.57,22.5,11.95,13.26,21.64,29.92,1,0,-10.78,-17.97,Selling (-10.8% over 4Q),Stable/Reducing,782.06,625.65,703.85,547.44,OVERVALUED +31.1%,PE Mean Reversion: ₹320.3 | 52W Low Buffer: ₹782.06,52.0,B  (Watch),10.0,2.0,1.0,3.0,4.0,4.0,10.0,10.0,7.0,4.0,done
ATUL.NS,Atul,Miscellaneous,20.0,2026-04-26 17:00,6680.5,6.97,10.97,10.75,5664.5,7670.36,17.94,Rising,Rising,29.0,0.0,11.5,14.9,0.0,12.38,19669.0,https://www.screener.in/company/ATUL/consolidated/,7.61,26.16,45.05,7.61,7.71,8.06,8.47,26.16,26.5,26.08,25.67,1,0,-0.86,0.49,Selling (-0.9% over 4Q),Stable/Reducing,6514.17,5211.34,5862.75,4559.92,OVERVALUED +2.6%,PE Mean Reversion: ₹4607.24 | 52W Low Buffer: ₹6514.17,52.0,B  (Watch),7.0,5.0,1.0,3.0,4.0,4.0,10.0,8.0,7.0,8.0,done
NEULANDLAB.NS,Neuland Labs.,Miscellaneous,20.0,2026-04-26 17:01,14405.0,20.09,1.0,-11.71,11046.85,18113.0,30.4,Stable,Normal,103.0,0.0,14.8,18.7,0.0,6.64,18481.0,https://www.screener.in/company/NEULANDLAB/consolidated/,20.19,6.76,36.03,20.19,21.57,22.69,24.43,6.76,6.99,6.02,6.54,1,0,-4.24,0.22,Selling (-4.2% over 4Q),Stable/Reducing,12703.88,10163.1,11433.49,8892.72,OVERVALUED +13.4%,PE Mean Reversion: ₹2797.09 | 52W Low Buffer: ₹12703.88,52.0,B  (Watch),10.0,5.0,1.0,3.0,4.0,6.0,10.0,4.0,7.0,6.0,done
EIDPARRY.NS,EID Parry,Miscellaneous,20.0,2026-04-26 17:05,845.1,7.1,-10.38,-17.67,765.85,1236.2,10.35,Falling,Rising,14.3,0.0,9.54,16.6,0.0,18.56,15032.0,https://www.screener.in/company/EIDPARRY/consolidated/,10.4,4.76,44.52,10.4,9.03,8.71,8.85,4.76,4.52,4.92,11.88,0,0,1.55,-7.12,Buying (+1.6% over 4Q),Stable/Reducing,1181.96,945.57,1063.76,827.37,BUY,PE Mean Reversion: ₹1181.96 | 52W Low Buffer: ₹880.73,52.0,B  (Watch),2.0,2.0,8.0,3.0,1.0,6.0,10.0,8.0,7.0,8.0,done
BLACKBUCK.NS,Blackbuck,Miscellaneous,20.0,2026-04-26 17:11,597.25,-3.01,-6.93,-4.33,404.0,733.5,47.83,Stable,Normal,28.3,0.0,47.3,10.5,0.0,37.7,10858.0,https://www.screener.in/company/BLACKBUCK/consolidated/,11.73,9.98,27.84,11.73,11.59,20.52,26.2,9.98,10.26,13.48,14.33,0,0,-14.47,-4.35,Stable,Stable/Reducing,464.6,371.68,418.14,325.22,OVERVALUED +28.6%,PE Mean Reversion: ₹422.08 | 52W Low Buffer: ₹464.6,52.0,B  (Watch),2.0,2.0,1.0,3.0,10.0,4.0,10.0,10.0,5.0,4.0,done
CEIGALL.NS,Ceigall India,Miscellaneous,20.0,2026-04-26 17:23,326.2,20.59,17.44,24.48,226.39,326.35,44.09,Rising,Normal,21.9,0.0,20.9,19.4,0.0,6.14,5683.0,https://www.screener.in/company/CEIGALL/consolidated/,2.97,6.88,82.05,2.97,1.58,1.47,1.81,6.88,7.67,8.23,7.33,0,0,1.16,-0.45,Buying (+1.2% over 4Q),Stable/Reducing,297.9,238.32,268.11,208.53,OVERVALUED +9.5%,PE Mean Reversion: ₹297.9 | 52W Low Buffer: ₹260.35,52.0,B  (Watch),2.0,2.0,4.0,3.0,8.0,6.0,10.0,4.0,10.0,4.0,done
NITCO.NS,Nitco,Miscellaneous,20.0,2026-04-26 17:49,87.93,8.05,-1.42,-17.96,64.95,160.95,35.38,Stable,Rising,53.4,0.0,0.0,-42.9,0.0,53.82,2015.0,https://www.screener.in/company/NITCO/consolidated/,0.0,22.93,53.01,0.0,0.02,0.02,0.14,22.93,16.07,15.89,15.19,1,1,-0.14,7.74,Selling (-0.1% over 4Q),Accumulating (+7.7% over 4Q),74.69,59.75,67.22,52.28,OVERVALUED +17.7%,PE Mean Reversion: ₹32.93 | 52W Low Buffer: ₹74.69,52.0,B  (Watch),7.0,10.0,1.0,3.0,1.0,1.0,10.0,10.0,10.0,6.0,done
FILATEX.NS,Filatex India,Miscellaneous,20.0,2026-04-26 17:52,41.41,1.79,-9.53,-23.43,36.9,64.87,12.22,Stable,Normal,9.98,0.0,10.1,0.0,0.0,0.07,1839.0,https://www.screener.in/company/FILATEX/consolidated/,6.04,0.0,64.76,6.04,5.95,5.89,5.94,0.0,0.03,0.0,2.35,0,0,0.1,-2.35,Buying (+0.1% over 4Q),Stable/Reducing,82.99,66.39,74.69,58.09,STRONG BUY,PE Mean Reversion: ₹82.99 | 52W Low Buffer: ₹42.43,52.0,B  (Watch),4.0,2.0,10.0,3.0,4.0,1.0,10.0,2.0,10.0,8.0,done
BANSALWIRE.NS,Bansal Wire Inds,Miscellaneous,20.0,2026-04-26 17:27,302.85,22.34,0.65,-8.99,224.95,418.0,34.63,Stable,Rising,30.6,0.0,17.1,16.4,0.0,13.03,4741.0,https://www.screener.in/company/BANSALWIRE/consolidated/,2.3,13.07,77.97,2.3,2.91,2.9,2.36,13.07,14.92,15.5,16.19,0,0,-0.06,-3.12,Stable,Stable/Reducing,258.69,206.95,232.82,181.08,OVERVALUED +17.1%,PE Mean Reversion: ₹197.94 | 52W Low Buffer: ₹258.69,51.5,B  (Watch),4.0,2.0,1.0,3.0,6.0,6.0,10.0,8.0,10.0,6.0,done
JINDALPHOT.NS,Jindal Photo,Miscellaneous,20.0,2026-04-26 18:08,1092.7,-4.27,-21.23,-21.2,820.05,1555.5,33.25,Falling,Normal,92.6,0.0,14.0,13.8,0.0,550.0,1121.0,https://www.screener.in/company/JINDALPHOT/consolidated/,0.0,0.02,72.76,0.0,0.0,0.0,0.0,0.02,0.02,0.02,0.02,0,0,0.0,0.0,No data,Stable/Reducing,943.06,754.45,848.75,660.14,OVERVALUED +15.9%,PE Mean Reversion: ₹236.0 | 52W Low Buffer: ₹943.06,51.5,B  (Watch),4.0,5.0,1.0,3.0,4.0,4.0,10.0,10.0,10.0,6.0,done
SALZERELEC.NS,Salzer Electron.,Miscellaneous,20.0,2026-04-26 18:08,622.3,12.92,3.02,-32.03,491.1,1080.74,26.72,Stable,Normal,20.8,0.0,10.3,13.4,0.0,17.07,1100.0,https://www.screener.in/company/SALZERELEC/consolidated/,5.78,0.18,33.94,5.78,6.06,3.7,3.2,0.18,0.14,0.14,0.12,0,1,2.58,0.06,Buying (+2.6% over 4Q),Accumulating (+0.1% over 4Q),598.37,478.7,538.53,418.86,OVERVALUED +4.0%,PE Mean Reversion: ₹598.37 | 52W Low Buffer: ₹564.76,51.5,B  (Watch),2.0,7.0,4.0,3.0,4.0,4.0,10.0,8.0,5.0,6.0,done
CDSL.NS,C D S L,Miscellaneous,20.0,2026-04-26 10:58,1312.8,10.25,-7.26,-18.22,1119.4,1790.3,17.28,Stable,Rising,57.6,0.0,32.7,42.0,0.0,2.31,27438.0,https://www.screener.in/company/CDSL/consolidated/,15.1,22.03,15.0,15.1,15.25,18.16,11.38,22.03,21.8,21.33,23.15,0,0,3.72,-1.12,Buying (+3.7% over 4Q),Stable/Reducing,1287.31,1029.85,1158.58,901.12,OVERVALUED +2.0%,PE Mean Reversion: ₹455.83 | 52W Low Buffer: ₹1287.31,51.0,B  (Watch),2.0,2.0,1.0,3.0,10.0,10.0,10.0,2.0,3.0,8.0,done
GPIL.NS,Godawari Power,Power,25.0,2026-04-26 11:00,289.95,10.39,9.35,19.06,175.75,305.55,64.98,Stable,Rising,26.3,0.0,17.2,23.2,0.0,-2.46,19506.0,https://www.screener.in/company/GPIL/consolidated/,3.64,1.11,67.68,3.64,4.66,5.41,5.54,1.11,1.52,2.09,2.08,1,0,-1.9,-0.97,Selling (-1.9% over 4Q),Stable/Reducing,275.62,220.5,248.06,192.93,OVERVALUED +5.2%,PE Mean Reversion: ₹275.62 | 52W Low Buffer: ₹202.11,51.0,B  (Watch),7.0,2.0,4.0,3.0,6.0,8.0,10.0,0.0,10.0,2.0,done
CONCORDBIO.NS,Concord Biotech,IT,28.0,2026-04-26 11:03,1016.2,-6.97,-24.79,-36.61,1014.8,2116.9,0.14,Falling,Normal,33.8,0.0,21.3,28.2,0.0,-3.42,10631.0,https://www.screener.in/company/CONCORDBIO/consolidated/,7.3,8.12,44.08,7.3,7.0,6.49,7.11,8.12,8.4,8.41,10.35,0,0,0.19,-2.23,Buying (+0.2% over 4Q),Stable/Reducing,1167.02,933.62,1050.32,816.91,WATCH,PE Mean Reversion: ₹841.82 | 52W Low Buffer: ₹1167.02,51.0,B  (Watch),4.0,2.0,1.0,3.0,8.0,10.0,10.0,0.0,7.0,10.0,done
IMFA.NS,Indian Metals,Metals,25.0,2026-04-26 11:05,1504.6,21.8,18.61,23.01,566.01,1565.4,165.83,Rising,Rising,22.0,0.0,17.0,21.3,0.0,2.53,8118.0,https://www.screener.in/company/IMFA/consolidated/,1.67,0.08,58.69,1.67,2.47,2.93,2.88,0.08,0.09,0.1,0.1,0,0,-1.21,-0.02,Stable,Stable/Reducing,1709.77,1367.82,1538.79,1196.84,WATCH,PE Mean Reversion: ₹1709.77 | 52W Low Buffer: ₹650.91,51.0,B  (Watch),2.0,2.0,6.0,3.0,6.0,8.0,10.0,2.0,10.0,2.0,done
JINDALSAW.NS,Jindal Saw,Miscellaneous,20.0,2026-04-26 17:04,239.73,23.49,49.86,16.2,154.64,265.63,55.02,Rising,Normal,13.6,0.0,16.3,19.4,0.0,-12.1,15331.0,https://www.screener.in/company/JINDALSAW/consolidated/,15.92,1.18,63.26,15.92,17.71,15.22,14.66,1.18,1.67,2.27,2.99,0,0,1.26,-1.81,Buying (+1.3% over 4Q),Stable/Reducing,352.54,282.03,317.29,246.78,STRONG BUY,PE Mean Reversion: ₹352.54 | 52W Low Buffer: ₹177.84,51.0,B  (Watch),2.0,2.0,8.0,3.0,6.0,6.0,10.0,0.0,10.0,4.0,done
HINDOILEXP.NS,Hind.Oil Explor.,Miscellaneous,20.0,2026-04-26 17:50,149.47,16.38,-2.19,-9.9,118.33,191.64,26.32,Stable,Rising,26.6,0.0,11.8,12.3,0.0,21.62,1977.0,https://www.screener.in/company/HINDOILEXP/consolidated/,0.74,1.45,0.0,0.74,0.97,1.25,1.31,1.45,4.0,0.61,0.66,1,0,-0.57,0.79,Selling (-0.6% over 4Q),Stable/Reducing,136.08,108.86,122.47,95.26,OVERVALUED +9.8%,PE Mean Reversion: ₹112.38 | 52W Low Buffer: ₹136.08,51.0,B  (Watch),7.0,5.0,1.0,3.0,4.0,4.0,10.0,10.0,3.0,6.0,done
GRINDWELL.NS,Grindwell Norton,Miscellaneous,20.0,2026-04-26 11:00,1609.8,14.81,1.26,-4.45,1353.1,1825.84,18.97,Stable,Normal,45.8,0.0,16.0,20.9,0.0,4.55,17824.0,https://www.screener.in/company/GRINDWELL/consolidated/,8.34,15.38,58.04,8.34,8.4,8.42,8.31,15.38,15.31,15.45,15.9,0,0,0.03,-0.52,Buying (+0.0% over 4Q),Stable/Reducing,1556.06,1244.85,1400.45,1089.24,OVERVALUED +3.5%,PE Mean Reversion: ₹702.97 | 52W Low Buffer: ₹1556.06,50.5,B  (Watch),4.0,2.0,1.0,3.0,6.0,8.0,10.0,4.0,10.0,8.0,done
METROBRAND.NS,Metro Brands,Miscellaneous,20.0,2026-04-26 16:56,1042.45,12.01,-5.1,-14.15,896.1,1317.43,16.33,Stable,Normal,73.0,0.0,19.0,19.4,0.0,9.01,28412.0,https://www.screener.in/company/METROBRAND/consolidated/,2.61,5.72,74.2,2.61,2.33,2.69,2.68,5.72,6.1,5.98,6.02,0,0,-0.07,-0.3,Stable,Stable/Reducing,1030.51,824.41,927.46,721.36,OVERVALUED +1.2%,PE Mean Reversion: ₹285.6 | 52W Low Buffer: ₹1030.51,50.5,B  (Watch),4.0,2.0,1.0,3.0,6.0,6.0,10.0,6.0,10.0,8.0,done
STARCEMENT.NS,Star Cement,Cement,25.0,2026-04-26 17:14,231.75,7.1,7.67,-12.46,198.17,297.39,16.95,Stable,Normal,25.1,0.0,6.05,8.39,0.0,15.55,9367.0,https://www.screener.in/company/STARCEMENT/consolidated/,0.69,6.23,66.76,0.69,0.77,1.05,1.52,6.23,6.08,6.02,6.11,1,0,-0.83,0.12,Selling (-0.8% over 4Q),Stable/Reducing,230.83,184.66,207.75,161.58,OVERVALUED +0.4%,PE Mean Reversion: ₹230.83 | 52W Low Buffer: ₹227.9,50.5,B  (Watch),7.0,5.0,4.0,3.0,1.0,1.0,10.0,8.0,10.0,8.0,done
EMUDHRA.NS,eMudhra,Miscellaneous,20.0,2026-04-26 17:30,500.85,26.65,-10.09,-24.73,374.1,831.0,33.88,Falling,Rising,40.4,0.0,12.1,15.3,0.0,26.2,4148.0,https://www.screener.in/company/EMUDHRA/consolidated/,4.28,9.87,57.7,4.28,4.3,3.85,4.2,9.87,8.47,9.12,14.45,0,0,0.08,-4.58,Buying (+0.1% over 4Q),Stable/Reducing,430.21,344.17,387.19,301.15,OVERVALUED +16.4%,PE Mean Reversion: ₹247.95 | 52W Low Buffer: ₹430.21,50.5,B  (Watch),4.0,2.0,1.0,3.0,4.0,6.0,10.0,10.0,10.0,6.0,done
SIGNPOST.NS,Signpost India,Miscellaneous,20.0,2026-04-26 18:00,261.58,11.29,30.28,-0.33,182.81,297.09,43.08,Rising,Normal,28.0,0.0,16.6,15.3,0.0,15.89,1398.0,https://www.screener.in/company/SIGNPOST/consolidated/,0.45,0.0,75.0,0.45,0.45,0.03,0.01,0.0,0.0,0.01,0.01,0,0,0.44,-0.01,Buying (+0.4% over 4Q),Stable/Reducing,210.23,168.18,189.21,147.16,OVERVALUED +24.4%,PE Mean Reversion: ₹186.84 | 52W Low Buffer: ₹210.23,50.5,B  (Watch),4.0,2.0,1.0,3.0,6.0,6.0,10.0,8.0,10.0,4.0,done
CESC.NS,CESC,Miscellaneous,20.0,2026-04-26 16:58,180.58,18.23,14.97,9.05,140.43,182.05,28.59,Rising,Normal,16.2,0.0,11.3,11.2,0.0,7.94,23937.0,https://www.screener.in/company/CESC/consolidated/,12.2,21.04,52.11,12.2,13.14,11.95,12.91,21.04,20.06,21.44,21.12,0,0,-0.71,-0.08,Stable,Stable/Reducing,222.94,178.35,200.65,156.06,WATCH,PE Mean Reversion: ₹222.94 | 52W Low Buffer: ₹161.49,50.0,B  (Watch),4.0,2.0,6.0,3.0,4.0,4.0,10.0,4.0,10.0,6.0,done
SCI.NS,S C I,Miscellaneous,20.0,2026-04-26 17:07,288.29,23.54,36.09,33.05,153.24,305.87,88.13,Rising,Rising,11.8,0.0,10.5,9.81,0.0,-0.25,13429.0,https://www.screener.in/company/SCI/consolidated/,2.89,7.01,63.75,2.89,3.23,3.27,4.66,7.01,6.97,7.99,7.87,1,0,-1.77,-0.86,Selling (-1.8% over 4Q),Stable/Reducing,488.63,390.9,439.77,342.04,STRONG BUY,PE Mean Reversion: ₹488.63 | 52W Low Buffer: ₹176.23,50.0,B  (Watch),7.0,2.0,10.0,3.0,4.0,1.0,10.0,0.0,10.0,2.0,done
NRBBEARING.NS,NRB Bearings,Miscellaneous,20.0,2026-04-26 17:41,282.62,16.5,12.16,5.96,205.73,301.68,37.37,Rising,Rising,18.4,0.0,12.7,15.9,0.0,7.76,2739.0,https://www.screener.in/company/NRBBEARING/consolidated/,21.85,11.18,50.24,21.85,14.31,14.31,14.33,11.18,19.48,19.69,18.59,0,0,7.52,-7.41,Buying (+7.5% over 4Q),Stable/Reducing,307.2,245.76,276.48,215.04,FAIR VALUE,PE Mean Reversion: ₹307.2 | 52W Low Buffer: ₹236.59,50.0,B  (Watch),2.0,2.0,6.0,3.0,4.0,6.0,10.0,4.0,10.0,6.0,done
COSMOFIRST.NS,Cosmo First,Miscellaneous,20.0,2026-04-26 17:52,698.3,11.81,8.79,-22.41,566.94,1261.5,23.17,Stable,Normal,12.5,0.0,9.26,9.77,0.0,16.2,1833.0,https://www.screener.in/company/COSMOFIRST/consolidated/,4.74,0.77,44.96,4.74,3.72,3.45,3.19,0.77,0.88,0.76,0.03,0,0,1.55,0.74,Buying (+1.6% over 4Q),Stable/Reducing,1117.28,893.82,1005.55,782.1,STRONG BUY,PE Mean Reversion: ₹1117.28 | 52W Low Buffer: ₹651.98,50.0,B  (Watch),2.0,5.0,8.0,3.0,1.0,1.0,10.0,8.0,7.0,8.0,done
NIBE.NS,NIBE,Miscellaneous,20.0,2026-04-26 17:58,1041.75,8.89,-12.92,-22.0,817.2,1910.34,27.48,Falling,Normal,0.0,0.0,13.6,16.2,0.0,-35.31,1557.0,https://www.screener.in/company/NIBE/consolidated/,2.04,1.23,55.32,2.04,3.88,10.43,11.03,1.23,0.87,0.78,0.78,1,1,-8.99,0.45,Selling (-9.0% over 4Q),Accumulating (+0.5% over 4Q),939.78,751.82,845.8,657.85,OVERVALUED +10.9%,52W Low Buffer: ₹939.78,50.0,B  (Watch),10.0,7.0,0.0,3.0,4.0,6.0,10.0,0.0,10.0,6.0,done
SJS.NS,SJS Enterprises,Miscellaneous,20.0,2026-04-26 11:08,1616.6,2.07,-4.04,7.3,906.31,1903.5,78.37,Stable,Normal,33.2,0.0,18.9,22.8,0.0,17.76,5173.0,https://www.screener.in/company/SJS/consolidated/,5.32,12.6,51.33,5.32,14.27,12.85,15.11,12.6,30.53,31.93,32.06,0,0,-9.79,-19.46,Stable,Stable/Reducing,1042.26,833.81,938.03,729.58,OVERVALUED +55.1%,PE Mean Reversion: ₹973.86 | 52W Low Buffer: ₹1042.26,49.5,B  (Watch),2.0,2.0,1.0,3.0,6.0,8.0,10.0,8.0,10.0,2.0,done
SKIPPER.NS,Skipper,Miscellaneous,20.0,2026-04-26 11:09,454.15,29.7,14.97,-12.0,330.4,568.25,37.45,Rising,Rising,26.9,0.0,14.4,24.2,0.0,11.89,5129.0,https://www.screener.in/company/SKIPPER/consolidated/,9.93,0.28,71.89,9.93,8.09,7.4,4.6,0.28,0.15,0.15,0.2,0,0,5.33,0.08,Buying (+5.3% over 4Q),Stable/Reducing,379.96,303.97,341.96,265.97,OVERVALUED +19.5%,PE Mean Reversion: ₹337.66 | 52W Low Buffer: ₹379.96,49.5,B  (Watch),2.0,5.0,1.0,3.0,4.0,8.0,10.0,6.0,10.0,6.0,done
NAVA.NS,Nava,Miscellaneous,20.0,2026-04-26 17:01,656.35,18.58,15.31,5.69,423.84,713.34,54.86,Rising,Rising,20.8,0.0,15.0,17.2,0.0,4.57,18575.0,https://www.screener.in/company/NAVA/consolidated/,8.9,0.32,48.83,8.9,9.24,9.18,8.86,0.32,0.22,0.08,0.16,0,0,0.04,0.16,Buying (+0.0% over 4Q),Stable/Reducing,631.11,504.89,568.0,441.78,OVERVALUED +4.0%,PE Mean Reversion: ₹631.11 | 52W Low Buffer: ₹487.42,49.5,B  (Watch),4.0,5.0,4.0,3.0,4.0,6.0,10.0,4.0,7.0,4.0,done
BIRLACORPN.NS,Birla Corpn.,Miscellaneous,20.0,2026-04-26 17:19,907.9,11.39,-16.0,-23.41,782.4,1501.08,16.04,Falling,Normal,12.2,0.0,4.79,7.08,0.0,4.56,6992.0,https://www.screener.in/company/BIRLACORPN/consolidated/,7.18,15.79,62.9,7.18,6.58,6.45,6.79,15.79,16.0,16.17,15.6,0,0,0.39,0.19,Buying (+0.4% over 4Q),Stable/Reducing,1488.36,1190.69,1339.52,1041.85,STRONG BUY,PE Mean Reversion: ₹1488.36 | 52W Low Buffer: ₹899.76,49.5,B  (Watch),4.0,5.0,8.0,3.0,1.0,1.0,10.0,4.0,10.0,8.0,done
LATENTVIEW.NS,Latent View,Miscellaneous,20.0,2026-04-26 17:22,289.15,8.15,-32.72,-34.25,249.6,502.1,15.85,Falling,Rising,30.1,0.0,11.6,15.2,0.0,18.4,5983.0,https://www.screener.in/company/LATENTVIEW/consolidated/,1.83,1.65,65.74,1.83,2.57,2.54,2.39,1.65,1.58,2.45,4.47,0,0,-0.56,-2.82,Stable,Stable/Reducing,287.04,229.63,258.34,200.93,OVERVALUED +0.7%,PE Mean Reversion: ₹192.13 | 52W Low Buffer: ₹287.04,49.5,B  (Watch),4.0,2.0,1.0,3.0,4.0,6.0,10.0,8.0,10.0,8.0,done
ARIHANTSUP.NS,Arihant Super.,Miscellaneous,20.0,2026-04-26 18:06,270.26,27.72,-12.48,-37.45,192.7,446.17,40.25,Falling,Normal,25.7,0.0,18.8,11.1,0.0,4.61,1169.0,https://www.screener.in/company/ARIHANTSUP/consolidated/,0.65,0.51,74.71,0.65,0.56,0.0,0.0,0.51,0.0,0.0,0.0,0,1,0.65,0.51,Buying (+0.7% over 4Q),Accumulating (+0.5% over 4Q),221.6,177.28,199.44,155.12,OVERVALUED +22.0%,PE Mean Reversion: ₹210.32 | 52W Low Buffer: ₹221.6,49.5,B  (Watch),4.0,7.0,1.0,3.0,6.0,4.0,10.0,4.0,10.0,4.0,done
AVANTIFEED.NS,Avanti Feeds,Miscellaneous,20.0,2026-04-26 11:00,1421.1,17.84,71.33,120.55,632.3,1503.4,124.75,Rising,Normal,30.6,0.0,19.5,24.0,0.0,6.58,19362.0,https://www.screener.in/company/AVANTIFEED/consolidated/,13.06,9.08,43.28,13.06,13.5,13.47,14.11,9.08,8.81,8.64,7.47,0,1,-1.05,1.61,Stable,Accumulating (+1.6% over 4Q),928.82,743.06,835.94,650.17,OVERVALUED +53.0%,PE Mean Reversion: ₹928.82 | 52W Low Buffer: ₹727.14,49.0,B  (Watch),2.0,7.0,1.0,3.0,6.0,8.0,10.0,4.0,7.0,2.0,done
AFCONS.NS,Afcons Infrastr.,Real Estate,25.0,2026-04-26 11:03,314.55,12.84,-12.09,-32.11,271.2,465.7,15.98,Falling,Rising,22.6,0.0,11.1,19.6,0.0,0.08,11569.0,https://www.screener.in/company/AFCONS/consolidated/,18.0,11.12,50.17,18.0,18.21,15.8,12.81,11.12,12.07,14.53,17.94,0,0,5.19,-6.82,Buying (+5.2% over 4Q),Stable/Reducing,347.95,278.36,313.15,243.56,FAIR VALUE,PE Mean Reversion: ₹347.95 | 52W Low Buffer: ₹311.88,49.0,B  (Watch),2.0,2.0,6.0,3.0,4.0,6.0,10.0,2.0,10.0,8.0,done
DCMSHRIRAM.NS,DCM Shriram,Miscellaneous,20.0,2026-04-26 17:01,1187.1,14.03,0.84,0.27,964.0,1429.79,23.14,Stable,Normal,26.5,0.0,8.66,11.4,0.0,9.48,18512.0,https://www.screener.in/company/DCMSHRIRAM/consolidated/,2.58,8.66,66.53,2.58,2.86,3.41,3.76,8.66,8.5,8.37,8.07,1,1,-1.18,0.59,Selling (-1.2% over 4Q),Accumulating (+0.6% over 4Q),1108.6,886.88,997.74,776.02,OVERVALUED +7.1%,PE Mean Reversion: ₹895.92 | 52W Low Buffer: ₹1108.6,49.0,B  (Watch),7.0,7.0,1.0,3.0,1.0,4.0,10.0,6.0,10.0,8.0,done
INOXGREEN.NS,Inox Green,Miscellaneous,20.0,2026-04-26 17:19,176.51,17.36,-5.69,-24.7,132.3,272.2,33.42,Stable,Normal,88.4,0.0,1.02,2.6,0.0,23.73,7087.0,https://www.screener.in/company/INOXGREEN/consolidated/,8.42,4.09,56.04,8.42,8.33,9.2,8.33,4.09,2.94,2.84,1.75,0,1,0.09,2.34,Buying (+0.1% over 4Q),Accumulating (+2.3% over 4Q),152.15,121.72,136.94,106.5,OVERVALUED +16.0%,PE Mean Reversion: ₹39.93 | 52W Low Buffer: ₹152.15,49.0,B  (Watch),4.0,10.0,1.0,3.0,1.0,1.0,10.0,10.0,10.0,6.0,done
MEDIASSIST.NS,Medi Assist Ser.,Miscellaneous,20.0,2026-04-26 17:43,342.85,5.44,-21.44,-34.9,296.75,584.55,15.53,Falling,Normal,41.6,0.0,17.4,18.7,0.0,17.84,2561.0,https://www.screener.in/company/MEDIASSIST/consolidated/,9.67,30.6,38.91,9.67,9.76,16.25,14.04,30.6,29.18,41.33,42.72,0,0,-4.37,-12.12,Stable,Stable/Reducing,341.26,273.01,307.13,238.88,OVERVALUED +0.5%,PE Mean Reversion: ₹164.83 | 52W Low Buffer: ₹341.26,49.0,B  (Watch),2.0,2.0,1.0,3.0,6.0,6.0,10.0,8.0,7.0,8.0,done
RATNAMANI.NS,Ratnamani Metals,Metals,25.0,2026-04-26 11:00,2605.8,12.77,19.98,11.32,1946.4,2989.16,33.88,Rising,Normal,30.6,0.0,16.0,21.5,0.0,-1.2,18265.0,https://www.screener.in/company/RATNAMANI/consolidated/,12.79,16.45,59.77,12.79,12.87,12.77,12.86,16.45,16.47,16.28,16.14,0,0,-0.07,0.31,Stable,Stable/Reducing,2238.36,1790.69,2014.52,1566.85,OVERVALUED +16.4%,PE Mean Reversion: ₹2128.92 | 52W Low Buffer: ₹2238.36,48.5,B  (Watch),4.0,5.0,1.0,3.0,6.0,8.0,10.0,0.0,10.0,6.0,done
RAILTEL.NS,Railtel Corpn.,Miscellaneous,20.0,2026-04-26 11:04,315.9,16.35,-10.18,-17.21,246.1,457.18,28.36,Falling,Rising,54.0,0.0,12.0,16.2,0.0,13.29,10138.0,https://www.screener.in/company/RAILTEL/consolidated/,1.32,2.2,72.84,1.32,1.46,1.45,2.2,2.2,3.54,3.39,2.64,0,0,-0.88,-0.44,Stable,Stable/Reducing,283.01,226.41,254.71,198.11,OVERVALUED +11.6%,PE Mean Reversion: ₹117.0 | 52W Low Buffer: ₹283.01,48.5,B  (Watch),4.0,2.0,1.0,3.0,4.0,6.0,10.0,8.0,10.0,6.0,done
PNBHOUSING.NS,PNB Housing,Finance,18.0,2026-04-26 16:57,1033.65,30.53,6.02,21.09,750.75,1120.49,37.68,Stable,Rising,11.8,0.0,12.7,9.4,0.0,0.0,26932.0,https://www.screener.in/company/PNBHOUSING/consolidated/,24.77,7.6,28.15,24.77,24.81,24.7,25.0,7.6,7.72,7.86,6.88,0,0,-0.23,0.72,Stable,Stable/Reducing,1576.75,1261.4,1419.08,1103.72,STRONG BUY,PE Mean Reversion: ₹1576.75 | 52W Low Buffer: ₹863.36,48.5,B  (Watch),4.0,5.0,8.0,3.0,4.0,1.0,10.0,2.0,5.0,6.0,done
RRKABEL.NS,R R Kabel,Miscellaneous,20.0,2026-04-26 17:03,1442.4,3.67,-3.85,15.23,962.35,1562.6,49.88,Stable,Normal,34.9,0.0,15.2,19.8,0.0,17.83,16314.0,https://www.screener.in/company/RRKABEL/consolidated/,4.99,8.66,62.76,4.99,4.69,4.16,6.54,8.66,8.83,9.37,13.53,0,0,-1.55,-4.87,Stable,Stable/Reducing,1106.7,885.36,996.03,774.69,OVERVALUED +30.3%,PE Mean Reversion: ₹826.59 | 52W Low Buffer: ₹1106.7,48.5,B  (Watch),2.0,2.0,1.0,3.0,6.0,6.0,10.0,8.0,10.0,4.0,done
KRBL.NS,KRBL,Miscellaneous,20.0,2026-04-26 17:16,359.9,25.25,0.6,-2.97,278.95,482.93,29.02,Stable,Normal,12.7,0.0,9.42,11.8,0.0,7.53,8238.0,https://www.screener.in/company/KRBL/consolidated/,4.32,0.09,59.98,4.32,3.73,3.31,3.49,0.09,0.12,0.14,0.2,0,0,0.83,-0.11,Buying (+0.8% over 4Q),Stable/Reducing,566.77,453.42,510.09,396.74,STRONG BUY,PE Mean Reversion: ₹566.77 | 52W Low Buffer: ₹320.79,48.5,B  (Watch),4.0,2.0,8.0,3.0,1.0,4.0,10.0,4.0,10.0,6.0,done
UNIPARTS.NS,Uniparts India,Miscellaneous,20.0,2026-04-26 17:46,502.6,10.22,17.96,16.92,291.31,517.5,72.53,Rising,Normal,17.1,0.0,9.99,12.4,0.0,12.45,2269.0,https://www.screener.in/company/UNIPARTS/consolidated/,5.48,10.87,65.66,5.48,3.33,2.3,2.28,10.87,11.04,9.7,9.29,0,0,3.2,1.58,Buying (+3.2% over 4Q),Stable/Reducing,587.84,470.27,529.06,411.49,WATCH,PE Mean Reversion: ₹587.84 | 52W Low Buffer: ₹335.01,48.5,B  (Watch),2.0,5.0,6.0,3.0,1.0,4.0,10.0,8.0,10.0,2.0,done
NILKAMAL.NS,Nilkamal Ltd,Miscellaneous,20.0,2026-04-26 17:51,1306.4,7.32,-6.9,-16.85,1066.7,1808.0,22.47,Stable,Normal,16.5,0.0,7.32,9.57,0.0,11.89,1949.0,https://www.screener.in/company/NILKAMAL/consolidated/,1.02,19.84,64.54,1.02,1.16,1.16,1.14,19.84,20.22,20.01,19.13,0,0,-0.12,0.71,Stable,Stable/Reducing,1583.52,1266.82,1425.17,1108.46,WATCH,PE Mean Reversion: ₹1583.52 | 52W Low Buffer: ₹1226.7,48.5,B  (Watch),4.0,5.0,6.0,3.0,1.0,1.0,10.0,6.0,10.0,8.0,done
VIMTALABS.NS,Vimta Labs,Miscellaneous,20.0,2026-04-26 11:15,457.65,7.13,-17.59,-35.45,380.7,877.2,20.21,Falling,Normal,33.6,0.0,13.5,17.6,0.0,3.46,2044.0,https://www.screener.in/company/VIMTALABS/consolidated/,2.72,2.14,37.23,2.72,2.74,2.88,5.13,2.14,1.5,1.49,1.5,1,0,-2.41,0.64,Selling (-2.4% over 4Q),Stable/Reducing,437.8,350.24,394.02,306.46,OVERVALUED +4.5%,PE Mean Reversion: ₹272.41 | 52W Low Buffer: ₹437.8,48.0,B  (Watch),7.0,5.0,1.0,3.0,4.0,6.0,10.0,2.0,7.0,8.0,done
SAMMAANCAP.NS,Sammaan Capital,Finance,18.0,2026-04-26 17:03,143.53,4.03,0.39,-11.52,113.19,189.93,26.8,Stable,Rising,13.0,0.0,-8.66,3.65,0.0,0.0,16630.0,https://www.screener.in/company/SAMMAANCAP/consolidated/,18.53,16.12,0.0,18.53,22.37,23.41,19.33,16.12,16.08,8.53,7.15,0,1,-0.8,8.97,Stable,Accumulating (+9.0% over 4Q),198.73,158.98,178.86,139.11,BUY,PE Mean Reversion: ₹198.73 | 52W Low Buffer: ₹130.17,48.0,B  (Watch),4.0,10.0,8.0,3.0,1.0,1.0,10.0,2.0,3.0,6.0,done
CUPID.NS,Cupid,Miscellaneous,20.0,2026-04-26 17:05,113.09,42.07,21.64,129.62,14.63,113.13,672.79,Rising,Normal,182.0,0.0,12.9,17.1,0.0,60.66,15207.0,https://www.screener.in/company/CUPID/consolidated/,0.45,0.0,45.06,0.45,0.34,0.45,5.19,0.0,0.0,0.0,0.0,0,0,-4.74,0.0,Stable,No data,16.82,13.46,15.14,11.77,OVERVALUED +572.4%,PE Mean Reversion: ₹12.43 | 52W Low Buffer: ₹16.82,48.0,B  (Watch),2.0,5.0,1.0,3.0,4.0,6.0,10.0,10.0,7.0,2.0,done
HUBTOWN.NS,Hubtown,Miscellaneous,20.0,2026-04-26 17:39,204.45,3.11,-8.72,-34.18,166.38,363.65,22.88,Stable,Normal,22.5,0.0,2.41,8.13,0.0,42.16,2905.0,https://www.screener.in/company/HUBTOWN/consolidated/,3.48,0.0,45.4,3.48,3.49,3.55,3.33,0.0,0.0,0.0,0.0,0,0,0.15,0.0,Buying (+0.1% over 4Q),No data,191.34,153.07,172.21,133.94,OVERVALUED +6.9%,PE Mean Reversion: ₹181.73 | 52W Low Buffer: ₹191.34,48.0,B  (Watch),4.0,5.0,4.0,3.0,1.0,1.0,10.0,10.0,7.0,8.0,done
VINDHYATEL.NS,Vindhya Telelink,Telecom,25.0,2026-04-26 17:59,1257.65,18.8,-2.81,-9.0,975.0,1753.45,28.99,Stable,Rising,6.58,0.0,5.03,7.64,0.0,-5.9,1490.0,https://www.screener.in/company/VINDHYATEL/consolidated/,1.52,10.13,43.55,1.52,1.56,1.6,1.58,10.13,9.92,9.73,9.73,0,1,-0.06,0.4,Stable,Accumulating (+0.4% over 4Q),4778.31,3822.65,4300.48,3344.82,STRONG BUY,PE Mean Reversion: ₹4778.31 | 52W Low Buffer: ₹1121.25,48.0,B  (Watch),4.0,7.0,10.0,3.0,1.0,1.0,10.0,0.0,7.0,6.0,done
ABDL.NS,Allied Blenders,Miscellaneous,20.0,2026-04-26 11:01,558.3,36.69,17.5,2.43,302.23,683.8,84.73,Rising,Rising,58.2,0.0,20.0,21.1,0.0,9.01,15616.0,https://www.screener.in/company/ABDL/consolidated/,3.83,3.52,80.91,3.83,2.83,2.55,2.73,3.52,4.14,4.01,4.03,0,0,1.1,-0.51,Buying (+1.1% over 4Q),Stable/Reducing,347.56,278.05,312.8,243.29,OVERVALUED +60.6%,PE Mean Reversion: ₹191.86 | 52W Low Buffer: ₹347.56,47.5,B  (Watch),2.0,2.0,1.0,3.0,6.0,8.0,10.0,6.0,10.0,2.0,done
WEWORK.NS,Wework India,Miscellaneous,20.0,2026-04-26 11:06,535.0,13.83,-10.88,0.0,426.5,647.7,25.44,Falling,Rising,31.7,0.0,0.0,139.0,0.0,17.06,7243.0,https://www.screener.in/company/WEWORK/consolidated/,21.97,24.83,49.8,21.97,20.37,0.0,0.0,24.83,25.61,0.0,0.0,0,0,21.97,24.83,Buying (+22.0% over 4Q),Stable/Reducing,490.47,392.38,441.42,343.33,OVERVALUED +9.1%,PE Mean Reversion: ₹337.54 | 52W Low Buffer: ₹490.47,47.5,B  (Watch),2.0,5.0,1.0,3.0,1.0,10.0,10.0,8.0,7.0,6.0,done
ANANTRAJ.NS,Anant Raj,Miscellaneous,20.0,2026-04-26 17:03,462.4,-0.74,-16.23,-33.39,405.7,735.6,13.98,Falling,Normal,31.6,0.0,10.9,11.2,0.0,16.75,16641.0,https://www.screener.in/company/ANANTRAJ/consolidated/,10.64,0.56,63.21,10.64,9.51,8.96,11.52,0.56,1.66,1.6,3.63,0,0,-0.88,-3.07,Stable,Stable/Reducing,466.55,373.24,419.9,326.58,FAIR VALUE,PE Mean Reversion: ₹292.66 | 52W Low Buffer: ₹466.55,47.5,B  (Watch),4.0,2.0,1.0,3.0,4.0,4.0,10.0,8.0,10.0,8.0,done
AARTIPHARM.NS,Aarti Pharma,Pharmaceuticals,25.0,2026-04-26 17:21,692.95,7.5,-12.3,-16.48,591.95,960.26,17.06,Falling,Normal,29.1,0.0,14.5,17.4,0.0,-14.85,6282.0,https://www.screener.in/company/AARTIPHARM/consolidated/,7.43,10.65,45.98,7.43,8.45,8.17,8.33,10.65,10.51,9.91,9.97,0,0,-0.9,0.68,Stable,Stable/Reducing,680.74,544.59,612.67,476.52,OVERVALUED +1.8%,PE Mean Reversion: ₹595.32 | 52W Low Buffer: ₹680.74,47.5,B  (Watch),4.0,5.0,4.0,3.0,4.0,6.0,10.0,0.0,7.0,8.0,done
NAVKARCORP.NS,Navkar Corporat.,Miscellaneous,20.0,2026-04-26 17:59,99.46,20.16,-3.71,-16.46,74.63,137.23,33.27,Stable,Rising,16.6,0.0,6.18,6.93,0.0,11.05,1497.0,https://www.screener.in/company/NAVKARCORP/consolidated/,0.52,0.0,70.44,0.52,0.15,0.79,0.28,0.0,0.0,0.0,0.0,0,0,0.24,0.0,Buying (+0.2% over 4Q),No data,119.83,95.86,107.85,83.88,WATCH,PE Mean Reversion: ₹119.83 | 52W Low Buffer: ₹85.82,47.5,B  (Watch),4.0,5.0,6.0,3.0,1.0,1.0,10.0,6.0,10.0,6.0,done
SEPC.NS,SEPC,Miscellaneous,20.0,2026-04-26 18:00,7.61,47.48,-14.97,-35.56,4.65,15.69,63.66,Falling,Normal,28.5,0.0,2.55,6.08,0.0,50.17,1438.0,https://www.screener.in/company/SEPC/consolidated/,0.21,39.3,26.66,0.21,0.34,0.42,0.47,39.3,37.53,26.58,25.16,1,1,-0.26,14.14,Selling (-0.3% over 4Q),Accumulating (+14.1% over 4Q),5.35,4.28,4.81,3.74,OVERVALUED +42.2%,PE Mean Reversion: ₹5.34 | 52W Low Buffer: ₹5.35,47.5,B  (Watch),7.0,10.0,1.0,3.0,1.0,1.0,10.0,10.0,5.0,2.0,done
HIMATSEIDE.NS,Himadri Special,Miscellaneous,20.0,2026-04-26 10:58,88.09,11.06,-14.6,-25.23,72.64,163.66,21.27,Falling,Normal,7.07,0.0,1.0,9.04,0.0,-8.03,1108.0,https://www.screener.in/company/HIMATSEIDE/consolidated/,2.69,2.42,47.57,2.69,3.91,4.03,3.99,2.42,1.24,1.05,0.99,0,1,-1.3,1.43,Stable,Accumulating (+1.4% over 4Q),249.19,199.35,224.27,174.43,STRONG BUY,PE Mean Reversion: ₹249.19 | 52W Low Buffer: ₹83.54,47.0,B  (Watch),2.0,7.0,10.0,3.0,1.0,1.0,10.0,0.0,7.0,8.0,done
APOLLOTYRE.NS,Apollo Tyres,Automobiles,25.0,2026-04-26 16:57,423.85,0.71,-19.16,-12.59,399.5,533.19,6.1,Falling,Normal,18.4,0.0,8.61,11.4,0.0,5.5,26919.0,https://www.screener.in/company/APOLLOTYRE/consolidated/,23.41,17.22,37.34,23.41,22.1,17.96,18.16,17.22,17.74,22.02,21.99,0,0,5.25,-4.77,Buying (+5.2% over 4Q),Stable/Reducing,575.88,460.7,518.29,403.12,BUY,PE Mean Reversion: ₹575.88 | 52W Low Buffer: ₹459.42,47.0,B  (Watch),2.0,2.0,8.0,3.0,1.0,4.0,10.0,4.0,7.0,10.0,done
WPIL.NS,WPIL,Miscellaneous,20.0,2026-04-26 17:31,414.95,0.0,0.0,0.0,414.95,434.5,0.0,Stable,Normal,34.0,0.0,10.0,15.6,0.0,5.98,4053.0,https://www.screener.in/company/WPIL/consolidated/,5.81,2.84,70.79,5.81,5.89,5.85,5.82,2.84,2.7,2.68,2.62,0,1,-0.01,0.22,Stable,Accumulating (+0.2% over 4Q),477.19,381.75,429.47,334.03,WATCH,PE Mean Reversion: ₹244.09 | 52W Low Buffer: ₹477.19,47.0,B  (Watch),4.0,7.0,1.0,3.0,1.0,6.0,10.0,4.0,10.0,10.0,done
CARYSIL.NS,Carysil,Miscellaneous,20.0,2026-04-26 17:43,899.1,15.03,16.49,-3.37,599.15,1037.95,50.06,Rising,Normal,28.3,0.0,14.5,15.4,0.0,9.56,2557.0,https://www.screener.in/company/CARYSIL/consolidated/,0.34,6.71,43.84,0.34,0.56,0.64,0.87,6.71,7.08,7.31,7.32,1,0,-0.53,-0.61,Selling (-0.5% over 4Q),Stable/Reducing,689.02,551.22,620.12,482.31,OVERVALUED +30.5%,PE Mean Reversion: ₹635.41 | 52W Low Buffer: ₹689.02,47.0,B  (Watch),7.0,2.0,1.0,3.0,4.0,6.0,10.0,6.0,7.0,4.0,done
INOXWIND.NS,Inox Wind,Miscellaneous,20.0,2026-04-26 17:02,100.13,22.35,-12.54,-33.28,75.49,195.0,32.64,Falling,Rising,34.5,0.0,11.7,11.5,0.0,24.49,17305.0,https://www.screener.in/company/INOXWIND/consolidated/,2.57,0.09,72.01,2.57,3.48,9.49,9.47,0.09,6.54,9.88,10.16,0,0,-6.9,-10.07,Stable,Stable/Reducing,86.81,69.45,78.13,60.77,OVERVALUED +15.3%,PE Mean Reversion: ₹58.05 | 52W Low Buffer: ₹86.81,46.5,B  (Watch),2.0,2.0,1.0,3.0,4.0,4.0,10.0,10.0,10.0,6.0,done
KCP.NS,K C P,Miscellaneous,20.0,2026-04-26 17:46,176.3,28.22,3.61,-11.43,125.6,226.76,40.37,Stable,Rising,14.6,0.0,11.0,13.0,0.0,-0.08,2273.0,https://www.screener.in/company/KCP/consolidated/,2.01,0.64,44.07,2.01,1.85,1.9,1.54,0.64,0.69,0.62,1.04,0,0,0.47,-0.4,Buying (+0.5% over 4Q),Stable/Reducing,241.51,193.21,217.36,169.06,BUY,PE Mean Reversion: ₹241.51 | 52W Low Buffer: ₹144.44,46.5,B  (Watch),4.0,2.0,8.0,3.0,4.0,4.0,10.0,0.0,7.0,4.0,done
GSFC.NS,G S F C,Miscellaneous,20.0,2026-04-26 17:20,172.22,11.87,-1.55,-11.2,139.22,212.61,23.7,Stable,Normal,9.91,0.0,4.77,6.18,0.0,7.35,6863.0,https://www.screener.in/company/GSFC/consolidated/,20.54,2.57,37.84,20.54,20.69,19.82,14.12,2.57,3.16,3.65,4.55,0,0,6.42,-1.98,Buying (+6.4% over 4Q),Stable/Reducing,347.57,278.06,312.81,243.3,STRONG BUY,PE Mean Reversion: ₹347.57 | 52W Low Buffer: ₹160.1,46.0,B  (Watch),2.0,2.0,10.0,3.0,1.0,1.0,10.0,4.0,7.0,8.0,done
SUBROS.NS,Subros,Miscellaneous,20.0,2026-04-26 17:26,753.45,11.37,-9.52,-35.27,574.65,1194.2,31.11,Stable,Rising,29.2,0.0,14.5,20.0,0.0,7.3,4915.0,https://www.screener.in/company/SUBROS/consolidated/,32.59,12.46,36.79,32.59,32.74,33.35,32.83,12.46,10.96,9.48,9.96,0,0,-0.24,2.5,Stable,Stable/Reducing,660.85,528.68,594.76,462.59,OVERVALUED +14.0%,PE Mean Reversion: ₹516.06 | 52W Low Buffer: ₹660.85,46.0,B  (Watch),4.0,5.0,1.0,3.0,4.0,6.0,10.0,4.0,7.0,6.0,done
JUSTDIAL.NS,Just Dial,Miscellaneous,20.0,2026-04-26 17:28,527.4,1.35,-26.72,-36.64,490.7,960.3,7.48,Falling,Rising,32.2,0.0,3.63,4.81,0.0,23.43,4485.0,https://www.screener.in/company/JUSTDIAL/consolidated/,5.33,9.13,74.31,5.33,4.88,4.87,5.31,9.13,9.36,8.89,8.18,0,0,0.02,0.95,Buying (+0.0% over 4Q),Stable/Reducing,564.3,451.44,507.87,395.01,FAIR VALUE,PE Mean Reversion: ₹327.58 | 52W Low Buffer: ₹564.3,46.0,B  (Watch),4.0,5.0,1.0,3.0,1.0,1.0,10.0,10.0,10.0,10.0,done
UFLEX.NS,Uflex,Miscellaneous,20.0,2026-04-26 17:40,390.7,-10.12,-17.18,-29.05,334.35,629.89,16.85,Falling,Rising,11.8,0.0,3.29,7.75,0.0,0.82,2821.0,https://www.screener.in/company/UFLEX/consolidated/,7.14,0.66,44.58,7.14,6.51,7.04,7.47,0.66,0.68,0.69,0.7,0,0,-0.33,-0.04,Stable,Stable/Reducing,662.2,529.76,595.98,463.54,STRONG BUY,PE Mean Reversion: ₹662.2 | 52W Low Buffer: ₹384.5,46.0,B  (Watch),4.0,2.0,10.0,3.0,1.0,1.0,10.0,2.0,7.0,8.0,done
ARTEMISMED.NS,Artemis Medicare,Pharmaceuticals,25.0,2026-04-26 17:33,234.11,3.66,-10.01,-0.02,205.51,288.1,13.92,Falling,Normal,37.5,0.0,12.9,14.6,0.0,11.21,3706.0,https://www.screener.in/company/ARTEMISMED/consolidated/,0.07,1.41,68.03,0.07,0.09,0.11,0.1,1.41,1.51,1.96,2.61,0,0,-0.03,-1.2,Stable,Stable/Reducing,236.34,189.07,212.71,165.44,FAIR VALUE,PE Mean Reversion: ₹156.07 | 52W Low Buffer: ₹236.34,45.5,B  (Watch),4.0,2.0,1.0,3.0,4.0,4.0,10.0,6.0,10.0,8.0,done
BALAJITELE.NS,Balaji Telefilms,Telecom,25.0,2026-04-26 18:04,101.14,20.89,-2.35,-20.17,66.53,136.93,52.02,Stable,Normal,21.0,0.0,15.8,-1.35,0.0,-49.45,1233.0,https://www.screener.in/company/BALAJITELE/consolidated/,18.39,0.0,34.34,18.39,18.58,18.57,18.9,0.0,0.0,0.25,0.0,0,0,-0.51,0.0,Stable,Stable/Reducing,120.4,96.32,108.36,84.28,WATCH,PE Mean Reversion: ₹120.4 | 52W Low Buffer: ₹76.51,45.5,B  (Watch),4.0,5.0,6.0,3.0,6.0,1.0,10.0,0.0,5.0,4.0,done
AEGISVOPAK.NS,Aegis Vopak Term,Miscellaneous,20.0,2026-04-26 17:00,188.14,5.38,-16.78,-32.01,161.65,293.37,16.39,Falling,Normal,102.0,0.0,8.73,7.01,0.0,13.69,20846.0,https://www.screener.in/company/AEGISVOPAK/consolidated/,5.87,5.29,86.94,5.87,6.07,6.03,5.89,5.29,5.03,4.98,4.89,0,1,-0.02,0.4,Stable,Accumulating (+0.4% over 4Q),185.9,148.72,167.31,130.13,OVERVALUED +1.2%,PE Mean Reversion: ₹36.89 | 52W Low Buffer: ₹185.9,45.0,B  (Watch),4.0,7.0,1.0,3.0,1.0,1.0,10.0,8.0,10.0,8.0,done
UTIAMC.NS,UTI AMC,Miscellaneous,20.0,2026-04-26 17:10,925.25,-1.46,-14.03,-29.45,906.65,1427.22,2.05,Falling,Rising,25.3,0.0,10.3,15.8,0.0,-8.27,11891.0,https://www.screener.in/company/UTIAMC/consolidated/,4.84,61.03,0.0,4.84,4.94,5.57,5.97,61.03,61.69,61.13,60.93,1,0,-1.13,0.1,Selling (-1.1% over 4Q),Stable/Reducing,1042.65,834.12,938.39,729.86,WATCH,PE Mean Reversion: ₹731.42 | 52W Low Buffer: ₹1042.65,45.0,B  (Watch),7.0,5.0,1.0,3.0,4.0,6.0,10.0,0.0,3.0,10.0,done
GREENPANEL.NS,Greenpanel Inds.,Miscellaneous,20.0,2026-04-26 17:43,208.87,7.63,-3.57,-32.58,170.59,327.3,22.44,Stable,Rising,17.9,0.0,11.4,12.9,0.0,-12.11,2561.0,https://www.screener.in/company/GREENPANEL/consolidated/,4.3,21.6,53.09,4.3,4.41,3.22,2.99,21.6,22.83,24.53,25.81,0,0,1.31,-4.21,Buying (+1.3% over 4Q),Stable/Reducing,233.37,186.7,210.03,163.36,WATCH,PE Mean Reversion: ₹233.37 | 52W Low Buffer: ₹196.18,45.0,B  (Watch),2.0,2.0,6.0,3.0,4.0,4.0,10.0,0.0,10.0,8.0,done
MOREPENLAB.NS,Morepen Labs.,Miscellaneous,20.0,2026-04-26 17:46,41.72,12.79,9.53,-16.31,33.68,67.57,23.87,Stable,Normal,29.9,0.0,11.8,15.1,0.0,-1.38,2286.0,https://www.screener.in/company/MOREPENLAB/consolidated/,1.0,2.32,38.22,1.0,1.29,2.11,1.85,2.32,2.27,2.21,2.15,0,1,-0.85,0.17,Stable,Accumulating (+0.2% over 4Q),38.73,30.98,34.86,27.11,OVERVALUED +7.7%,PE Mean Reversion: ₹27.91 | 52W Low Buffer: ₹38.73,45.0,B  (Watch),4.0,7.0,1.0,3.0,4.0,6.0,10.0,0.0,7.0,8.0,done
SAGILITY.NS,Sagility,Miscellaneous,20.0,2026-04-26 17:01,41.37,5.91,-19.44,-10.69,36.35,54.53,13.81,Falling,Normal,22.2,0.0,7.38,9.58,0.0,20.95,19367.0,https://www.screener.in/company/SAGILITY/consolidated/,3.77,7.25,82.39,3.77,3.39,5.99,5.59,7.25,7.47,14.07,14.87,0,0,-1.82,-7.62,Stable,Stable/Reducing,41.8,33.44,37.62,29.26,FAIR VALUE,PE Mean Reversion: ₹37.27 | 52W Low Buffer: ₹41.8,44.5,C  (Hold),2.0,2.0,4.0,3.0,1.0,1.0,10.0,10.0,10.0,8.0,done
BASF.NS,BASF India,Miscellaneous,20.0,2026-04-26 17:03,3650.2,10.2,0.9,-20.5,3163.4,5314.88,15.39,Stable,Normal,43.3,0.0,13.4,17.5,0.0,-2.23,15800.0,https://www.screener.in/company/BASF/consolidated/,3.02,6.58,73.33,3.02,3.18,3.81,4.12,6.58,6.77,6.63,6.67,1,0,-1.1,-0.09,Selling (-1.1% over 4Q),Stable/Reducing,3637.91,2910.33,3274.12,2546.54,OVERVALUED +0.3%,PE Mean Reversion: ₹1686.0 | 52W Low Buffer: ₹3637.91,44.5,C  (Hold),7.0,2.0,1.0,3.0,4.0,6.0,10.0,0.0,10.0,8.0,done
SMSPHARMA.NS,SMS Pharma.,Pharmaceuticals,25.0,2026-04-26 17:33,396.7,3.03,17.63,44.44,214.42,438.3,85.01,Rising,Normal,41.5,0.0,11.8,12.5,0.0,14.56,3715.0,https://www.screener.in/company/SMSPHARMA/consolidated/,0.67,0.0,64.32,0.67,0.6,0.59,0.17,0.0,0.0,0.0,1.98,0,0,0.5,-1.98,Buying (+0.5% over 4Q),Stable/Reducing,246.58,197.26,221.92,172.61,OVERVALUED +60.9%,PE Mean Reversion: ₹238.98 | 52W Low Buffer: ₹246.58,44.5,C  (Hold),4.0,2.0,1.0,3.0,4.0,4.0,10.0,8.0,10.0,2.0,done
GRANULES.NS,Granules India,Miscellaneous,20.0,2026-04-26 17:02,689.45,16.67,15.03,21.78,439.35,689.45,56.93,Rising,Rising,31.4,0.0,13.9,15.1,0.0,13.61,17084.0,https://www.screener.in/company/GRANULES/consolidated/,21.35,6.68,42.02,21.35,21.48,18.78,19.57,6.68,7.06,10.16,10.7,0,0,1.78,-4.02,Buying (+1.8% over 4Q),Stable/Reducing,505.25,404.2,454.73,353.67,OVERVALUED +36.5%,PE Mean Reversion: ₹439.14 | 52W Low Buffer: ₹505.25,44.0,C  (Hold),2.0,2.0,1.0,3.0,4.0,6.0,10.0,8.0,7.0,4.0,done
METROPOLIS.NS,Metropolis Healt,Miscellaneous,20.0,2026-04-26 17:13,467.1,5.89,-0.85,-6.15,402.79,558.02,15.97,Stable,Rising,55.4,0.0,11.5,14.7,0.0,17.66,9684.0,https://www.screener.in/company/METROPOLIS/consolidated/,25.66,14.89,49.75,25.66,24.29,21.66,18.9,14.89,16.86,20.73,24.86,0,0,6.76,-9.97,Buying (+6.8% over 4Q),Stable/Reducing,463.21,370.57,416.89,324.25,OVERVALUED +0.8%,PE Mean Reversion: ₹168.63 | 52W Low Buffer: ₹463.21,44.0,C  (Hold),2.0,2.0,1.0,3.0,4.0,4.0,10.0,8.0,7.0,8.0,done
TIL.NS,TIL,Miscellaneous,20.0,2026-04-26 17:53,198.07,7.66,-21.71,-37.87,163.56,398.65,21.1,Falling,Rising,0.0,0.0,0.91,11.1,0.0,0.32,1815.0,https://www.screener.in/company/TIL/consolidated/,0.0,5.93,56.29,0.0,0.0,0.0,0.0,5.93,5.76,3.3,0.87,0,1,0.0,5.06,No data,Accumulating (+5.1% over 4Q),188.09,150.47,169.28,131.66,OVERVALUED +5.3%,52W Low Buffer: ₹188.09,43.5,C  (Hold),4.0,10.0,0.0,3.0,1.0,4.0,10.0,2.0,10.0,8.0,done
RUPA.NS,Rupa & Co,Miscellaneous,20.0,2026-04-26 18:04,156.79,26.51,-1.43,-22.15,110.68,226.25,41.66,Stable,Rising,18.1,0.0,8.39,10.9,0.0,-0.48,1247.0,https://www.screener.in/company/RUPA/consolidated/,0.48,4.13,73.28,0.48,0.55,0.62,0.95,4.13,4.21,4.23,4.19,1,0,-0.47,-0.06,Selling (-0.5% over 4Q),Stable/Reducing,173.25,138.6,155.93,121.27,FAIR VALUE,PE Mean Reversion: ₹173.25 | 52W Low Buffer: ₹127.28,43.5,C  (Hold),7.0,2.0,6.0,3.0,1.0,4.0,10.0,0.0,10.0,4.0,done
CENTURYPLY.NS,Century Plyboard,Miscellaneous,20.0,2026-04-26 17:02,781.95,20.13,2.68,-0.62,645.75,844.0,21.09,Stable,Normal,71.6,0.0,8.47,10.4,0.0,12.7,17373.0,https://www.screener.in/company/CENTURYPLY/consolidated/,5.61,14.12,73.04,5.61,5.61,5.45,6.28,14.12,14.48,14.75,14.51,0,0,-0.67,-0.39,Stable,Stable/Reducing,742.61,594.09,668.35,519.83,OVERVALUED +5.3%,PE Mean Reversion: ₹218.42 | 52W Low Buffer: ₹742.61,43.0,C  (Hold),4.0,2.0,1.0,3.0,1.0,4.0,10.0,8.0,10.0,8.0,done
GNFC.NS,G N F C,Miscellaneous,20.0,2026-04-26 17:20,468.45,15.08,-2.9,-5.93,366.45,549.85,27.83,Stable,Rising,11.0,0.0,7.08,9.57,0.0,-3.45,6883.0,https://www.screener.in/company/GNFC/consolidated/,19.67,4.11,41.18,19.67,18.63,20.11,19.4,4.11,6.24,7.58,9.3,0,0,0.27,-5.19,Buying (+0.3% over 4Q),Stable/Reducing,851.73,681.38,766.56,596.21,STRONG BUY,PE Mean Reversion: ₹851.73 | 52W Low Buffer: ₹421.42,43.0,C  (Hold),4.0,2.0,10.0,3.0,1.0,1.0,10.0,0.0,7.0,6.0,done
QUESS.NS,Quess Corp,Miscellaneous,20.0,2026-04-26 17:40,190.14,6.98,-7.95,-20.66,169.72,356.82,12.03,Stable,Normal,12.6,0.0,9.16,9.82,0.0,0.68,2839.0,https://www.screener.in/company/QUESS/consolidated/,17.04,7.33,56.69,17.04,16.93,16.3,15.3,7.33,10.18,10.66,10.78,0,0,1.74,-3.45,Buying (+1.7% over 4Q),Stable/Reducing,301.81,241.45,271.63,211.27,STRONG BUY,PE Mean Reversion: ₹301.81 | 52W Low Buffer: ₹195.18,42.5,C  (Hold),2.0,2.0,8.0,3.0,1.0,1.0,10.0,2.0,10.0,8.0,done
ANGELONE.NS,Angel One,Miscellaneous,20.0,2026-04-26 16:56,314.52,36.96,26.56,38.76,209.11,328.59,50.41,Rising,Rising,31.3,0.0,15.6,14.8,0.0,-1.95,28648.0,https://www.screener.in/company/ANGELONE/consolidated/,17.04,10.25,38.3,17.04,16.82,19.11,17.27,10.25,10.41,9.32,9.49,0,0,-0.23,0.76,Stable,Stable/Reducing,240.48,192.38,216.43,168.34,OVERVALUED +30.8%,PE Mean Reversion: ₹200.97 | 52W Low Buffer: ₹240.48,42.0,C  (Hold),4.0,5.0,1.0,3.0,6.0,4.0,10.0,0.0,7.0,4.0,done
ROLEXRINGS.NS,Rolex Rings,Miscellaneous,20.0,2026-04-26 11:10,155.27,30.33,28.82,16.04,100.44,162.18,54.59,Rising,Rising,0.0,0.0,0.0,0.0,0.0,0.0,0.0,https://www.screener.in/company/ROLEXRINGS/consolidated/,5.01,32.47,55.25,5.01,5.6,6.28,7.75,32.47,32.09,31.68,29.91,1,1,-2.74,2.56,Selling (-2.7% over 4Q),Accumulating (+2.6% over 4Q),115.51,92.41,103.96,80.86,OVERVALUED +34.4%,52W Low Buffer: ₹115.51,41.5,C  (Hold),7.0,10.0,0.0,3.0,1.0,1.0,10.0,2.0,10.0,4.0,done
SMARTWORKS.NS,Smartworks Cowor,Miscellaneous,20.0,2026-04-26 17:27,425.2,8.07,-11.12,-29.74,372.45,606.65,14.16,Falling,Rising,0.0,0.0,-82.0,6.97,0.0,19.0,4858.0,https://www.screener.in/company/SMARTWORKS/consolidated/,0.93,9.03,58.18,0.93,0.33,0.16,0.0,9.03,8.96,9.06,0.0,0,0,0.93,9.03,Buying (+0.9% over 4Q),Stable/Reducing,428.32,342.66,385.49,299.82,FAIR VALUE,52W Low Buffer: ₹428.32,41.5,C  (Hold),4.0,5.0,0.0,3.0,1.0,1.0,10.0,8.0,10.0,8.0,done
KAJARIACER.NS,Kajaria Ceramics,Miscellaneous,20.0,2026-04-26 17:01,1211.15,27.31,21.66,-1.84,791.66,1296.35,52.99,Rising,Rising,44.6,0.0,11.2,17.1,0.0,0.95,19290.0,https://www.screener.in/company/KAJARIACER/consolidated/,17.95,25.22,47.49,17.95,18.48,18.33,19.18,25.22,25.43,25.53,24.91,0,0,-1.23,0.31,Stable,Stable/Reducing,910.41,728.33,819.37,637.29,OVERVALUED +33.0%,PE Mean Reversion: ₹543.12 | 52W Low Buffer: ₹910.41,41.0,C  (Hold),2.0,5.0,1.0,3.0,4.0,6.0,10.0,2.0,7.0,4.0,done
HEG.NS,HEG,Miscellaneous,20.0,2026-04-26 17:09,653.45,31.18,15.65,26.83,423.39,668.4,54.34,Rising,Rising,33.1,0.0,2.59,3.96,0.0,16.54,12610.0,https://www.screener.in/company/HEG/consolidated/,6.73,7.42,55.77,6.73,6.81,6.85,6.86,7.42,7.21,8.85,10.38,1,0,-0.13,-2.96,Selling (-0.1% over 4Q),Stable/Reducing,486.9,389.52,438.21,340.83,OVERVALUED +34.2%,PE Mean Reversion: ₹394.83 | 52W Low Buffer: ₹486.9,41.0,C  (Hold),7.0,2.0,1.0,3.0,1.0,1.0,10.0,8.0,10.0,4.0,done
WHIRLPOOL.NS,Whirlpool India,Miscellaneous,20.0,2026-04-26 17:09,952.55,13.89,18.68,-18.55,773.8,1439.85,23.1,Rising,Normal,34.6,0.0,9.26,12.6,0.0,-0.77,12085.0,https://www.screener.in/company/WHIRLPOOL/consolidated/,3.31,12.47,75.0,3.31,3.49,3.64,6.47,12.47,12.93,12.63,33.68,1,0,-3.16,-21.21,Selling (-3.2% over 4Q),Stable/Reducing,889.87,711.9,800.88,622.91,OVERVALUED +7.0%,PE Mean Reversion: ₹550.61 | 52W Low Buffer: ₹889.87,41.0,C  (Hold),10.0,2.0,1.0,3.0,1.0,4.0,10.0,0.0,10.0,8.0,done
MMTC.NS,MMTC,Miscellaneous,20.0,2026-04-26 17:13,65.4,8.93,-8.63,-7.3,52.1,85.77,25.53,Stable,Rising,86.6,0.0,5.87,7.7,0.0,200.0,9810.0,https://www.screener.in/company/MMTC/consolidated/,0.02,2.56,89.93,0.02,0.02,0.0,0.15,2.56,2.52,2.43,2.7,0,0,-0.13,-0.14,Stable,Stable/Reducing,59.91,47.93,53.92,41.94,OVERVALUED +9.2%,PE Mean Reversion: ₹15.1 | 52W Low Buffer: ₹59.91,41.0,C  (Hold),4.0,2.0,1.0,3.0,1.0,1.0,10.0,10.0,10.0,6.0,done
PGHH.NS,P & G Health Ltd,Healthcare,25.0,2026-04-26 11:05,10300.0,6.11,-15.13,-26.24,9138.0,14146.5,12.72,Falling,Rising,0.0,0.0,0.0,0.0,0.0,0.0,0.0,https://www.screener.in/company/PGHH/consolidated/,1.13,15.49,70.64,1.13,1.3,1.48,1.57,15.49,15.45,15.29,15.11,1,1,-0.44,0.38,Selling (-0.4% over 4Q),Accumulating (+0.4% over 4Q),10508.7,8406.96,9457.83,7356.09,FAIR VALUE,52W Low Buffer: ₹10508.7,40.5,C  (Hold),7.0,7.0,0.0,3.0,1.0,1.0,10.0,2.0,10.0,8.0,done
TARC.NS,TARC Ltd,Miscellaneous,20.0,2026-04-26 17:30,137.41,11.63,-20.14,-9.08,111.59,202.79,23.14,Falling,Normal,0.0,0.0,-20.0,-4.83,0.0,291.18,4055.0,https://www.screener.in/company/TARC/consolidated/,2.15,0.36,64.96,2.15,1.85,1.92,2.4,0.36,0.42,0.89,1.29,0,0,-0.25,-0.93,Stable,Stable/Reducing,128.33,102.66,115.5,89.83,OVERVALUED +7.1%,52W Low Buffer: ₹128.33,40.5,C  (Hold),4.0,2.0,0.0,3.0,1.0,1.0,10.0,10.0,10.0,8.0,done
MVKAGRO.NS,M.V.K. Agro,FMCG,45.0,2026-04-26 17:42,511.1,15.24,-24.24,-7.06,55.3,819.0,824.23,Falling,Normal,151.0,0.0,11.1,9.9,0.0,6.38,2581.0,https://www.screener.in/company/MVKAGRO/consolidated/,0.0,0.0,64.56,0.0,0.0,0.19,0.02,0.0,0.0,0.0,0.0,0,0,-0.02,0.0,Stable,No data,152.31,121.85,137.08,106.62,OVERVALUED +235.6%,PE Mean Reversion: ₹152.31 | 52W Low Buffer: ₹63.59,40.5,C  (Hold),4.0,5.0,1.0,3.0,4.0,1.0,10.0,4.0,10.0,2.0,done
RANEHOLDIN.NS,Rane Holdings,Miscellaneous,20.0,2026-04-26 17:57,1101.3,3.31,-15.88,-30.02,992.0,1691.5,11.02,Falling,Rising,77.6,0.0,8.02,9.64,0.0,28.89,1573.0,https://www.screener.in/company/RANEHOLDIN/consolidated/,0.47,1.54,46.58,0.47,0.39,0.41,0.4,1.54,2.02,1.7,1.59,0,0,0.07,-0.05,Buying (+0.1% over 4Q),Stable/Reducing,1140.8,912.64,1026.72,798.56,FAIR VALUE,PE Mean Reversion: ₹283.84 | 52W Low Buffer: ₹1140.8,40.5,C  (Hold),4.0,2.0,1.0,3.0,1.0,1.0,10.0,10.0,7.0,8.0,done
ATULAUTO.NS,Atul Auto,Automobiles,25.0,2026-04-26 18:01,498.65,19.57,14.41,-0.89,382.2,538.75,30.47,Rising,Rising,38.8,0.0,4.99,6.48,0.0,9.96,1384.0,https://www.screener.in/company/ATULAUTO/consolidated/,0.43,0.76,46.46,0.43,0.46,0.49,0.48,0.76,0.41,0.41,0.41,0,1,-0.05,0.35,Stable,Accumulating (+0.3% over 4Q),439.53,351.62,395.58,307.67,OVERVALUED +13.5%,PE Mean Reversion: ₹321.3 | 52W Low Buffer: ₹439.53,40.5,C  (Hold),4.0,7.0,1.0,3.0,1.0,1.0,10.0,6.0,7.0,6.0,done
IRMENERGY.NS,IRM Energy,Power,25.0,2026-04-26 18:06,283.71,42.43,9.69,-17.49,176.06,376.75,61.14,Stable,Rising,26.0,0.0,4.68,8.26,0.0,8.21,1165.0,https://www.screener.in/company/IRMENERGY/consolidated/,0.5,12.58,50.07,0.5,1.08,0.48,1.9,12.58,12.86,11.17,6.75,0,0,-1.4,5.83,Stable,Stable/Reducing,272.8,218.24,245.52,190.96,OVERVALUED +4.0%,PE Mean Reversion: ₹272.8 | 52W Low Buffer: ₹202.47,40.5,C  (Hold),2.0,5.0,4.0,3.0,1.0,1.0,10.0,6.0,10.0,2.0,done
MANAPPURAM.NS,Manappuram Fin.,Miscellaneous,20.0,2026-04-26 16:58,289.4,11.63,-6.18,1.99,225.21,319.36,28.5,Stable,Normal,60.0,0.0,10.1,11.0,0.0,0.0,24496.0,https://www.screener.in/company/MANAPPURAM/consolidated/,30.73,10.65,35.2,30.73,27.08,28.95,31.99,10.65,12.25,12.15,9.5,0,0,-1.26,1.15,Stable,Stable/Reducing,258.99,207.19,233.09,181.29,OVERVALUED +11.7%,PE Mean Reversion: ₹96.47 | 52W Low Buffer: ₹258.99,40.0,C  (Hold),2.0,5.0,1.0,3.0,4.0,4.0,10.0,2.0,7.0,6.0,done
SGMART.NS,SG Mart,Miscellaneous,20.0,2026-04-26 17:20,543.25,25.46,59.43,58.94,319.35,555.1,70.11,Rising,Normal,66.6,0.0,9.01,11.3,0.0,3.94,6845.0,https://www.screener.in/company/SGMART/consolidated/,0.0,0.0,75.0,0.0,0.0,0.04,3.65,0.0,0.0,4.16,0.54,1,0,-3.65,-0.54,Selling (-3.6% over 4Q),Stable/Reducing,367.25,293.8,330.53,257.07,OVERVALUED +47.9%,PE Mean Reversion: ₹163.14 | 52W Low Buffer: ₹367.25,40.0,C  (Hold),10.0,2.0,1.0,3.0,1.0,4.0,10.0,2.0,10.0,2.0,done
RALLIS.NS,Rallis India,Miscellaneous,20.0,2026-04-26 17:26,256.47,7.47,3.5,-15.23,218.25,381.05,17.51,Stable,Normal,31.6,0.0,9.61,12.8,0.0,7.2,4988.0,https://www.screener.in/company/RALLIS/consolidated/,7.69,13.51,50.09,7.69,8.23,9.21,9.2,13.51,14.44,12.83,12.77,0,0,-1.51,0.74,Stable,Stable/Reducing,250.99,200.79,225.89,175.69,OVERVALUED +2.2%,PE Mean Reversion: ₹162.32 | 52W Low Buffer: ₹250.99,40.0,C  (Hold),2.0,5.0,1.0,3.0,1.0,4.0,10.0,4.0,10.0,8.0,done
SHALBY.NS,Shalby,Miscellaneous,20.0,2026-04-26 17:56,155.6,11.08,-14.43,-38.27,126.8,266.83,22.71,Falling,Normal,209.0,0.0,0.62,6.12,0.0,2.94,1681.0,https://www.screener.in/company/SHALBY/consolidated/,4.0,0.0,74.12,4.0,4.11,4.62,4.88,0.0,0.0,0.0,0.0,1,0,-0.88,0.0,Selling (-0.9% over 4Q),No data,145.82,116.66,131.24,102.07,OVERVALUED +6.7%,PE Mean Reversion: ₹14.89 | 52W Low Buffer: ₹145.82,40.0,C  (Hold),7.0,5.0,1.0,3.0,1.0,1.0,10.0,2.0,10.0,8.0,done
BLKASHYAP.NS,B.L.Kashyap,Miscellaneous,20.0,2026-04-26 18:06,51.7,4.66,6.73,-16.09,42.81,79.01,20.77,Stable,Normal,131.0,0.0,2.0,8.08,0.0,13.52,1166.0,https://www.screener.in/company/BLKASHYAP/consolidated/,0.43,0.0,61.61,0.43,0.35,0.3,0.89,0.0,0.0,0.0,0.02,0,0,-0.46,-0.02,Stable,Stable/Reducing,49.23,39.38,44.31,34.46,OVERVALUED +5.0%,PE Mean Reversion: ₹7.89 | 52W Low Buffer: ₹49.23,40.0,C  (Hold),4.0,2.0,1.0,3.0,1.0,1.0,10.0,8.0,10.0,8.0,done
RCF.NS,R C F,Miscellaneous,20.0,2026-04-26 17:19,128.1,9.85,-6.44,-11.98,106.67,161.39,20.09,Stable,Normal,22.8,0.0,5.03,7.49,0.0,-1.8,7067.0,https://www.screener.in/company/RCF/consolidated/,2.27,0.35,75.0,2.27,2.55,2.92,2.58,0.35,0.34,0.35,0.34,0,0,-0.31,0.01,Stable,Stable/Reducing,122.67,98.14,110.4,85.87,OVERVALUED +4.4%,PE Mean Reversion: ₹112.37 | 52W Low Buffer: ₹122.67,39.5,C  (Hold),4.0,5.0,4.0,3.0,1.0,1.0,10.0,0.0,10.0,8.0,done
SAREGAMA.NS,Saregama India,Miscellaneous,20.0,2026-04-26 17:20,346.75,0.77,-0.01,-22.48,311.1,573.67,11.46,Stable,Normal,34.6,0.0,12.5,17.2,0.0,-19.9,6686.0,https://www.screener.in/company/SAREGAMA/consolidated/,17.79,2.27,58.83,17.79,17.12,16.81,16.05,2.27,2.38,2.62,2.58,0,0,1.74,-0.31,Buying (+1.7% over 4Q),Stable/Reducing,357.76,286.21,321.98,250.43,FAIR VALUE,PE Mean Reversion: ₹200.43 | 52W Low Buffer: ₹357.76,39.5,C  (Hold),2.0,2.0,1.0,3.0,4.0,6.0,10.0,0.0,10.0,8.0,done
PANACEABIO.NS,Panacea Biotec,Miscellaneous,20.0,2026-04-26 17:47,368.55,11.8,-6.58,-15.36,296.05,566.2,24.49,Stable,Normal,0.0,0.0,-4.92,-4.57,0.0,8.41,2257.0,https://www.screener.in/company/PANACEABIO/consolidated/,0.22,0.54,73.59,0.22,0.26,0.26,0.27,0.54,0.57,0.69,0.84,1,0,-0.05,-0.3,Selling (-0.1% over 4Q),Stable/Reducing,340.46,272.37,306.41,238.32,OVERVALUED +8.3%,52W Low Buffer: ₹340.46,39.5,C  (Hold),7.0,2.0,0.0,3.0,1.0,1.0,10.0,6.0,10.0,8.0,done
JSWCEMENT.NS,JSW Cement,Cement,25.0,2026-04-26 17:02,123.54,6.38,1.54,-12.18,108.02,159.17,14.37,Stable,Normal,52.4,0.0,-4.81,4.64,0.0,9.37,16843.0,https://www.screener.in/company/JSWCEMENT/consolidated/,4.13,7.87,72.34,4.13,3.03,2.93,0.0,7.87,8.09,8.74,0.0,0,0,4.13,7.87,Buying (+4.1% over 4Q),Stable/Reducing,124.22,99.38,111.8,86.95,FAIR VALUE,PE Mean Reversion: ₹58.94 | 52W Low Buffer: ₹124.22,39.0,C  (Hold),2.0,5.0,1.0,3.0,1.0,1.0,10.0,6.0,10.0,8.0,done
ARVIND.NS,Arvind Ltd,Miscellaneous,20.0,2026-04-26 17:12,382.5,6.47,25.39,36.8,279.6,394.61,36.8,Rising,Normal,23.8,0.0,9.32,13.0,0.0,7.71,10026.0,https://www.screener.in/company/ARVIND/consolidated/,10.74,11.42,41.16,10.74,10.56,12.63,15.15,11.42,13.11,14.24,14.81,0,0,-4.41,-3.39,Stable,Stable/Reducing,321.54,257.23,289.39,225.08,OVERVALUED +19.0%,PE Mean Reversion: ₹321.43 | 52W Low Buffer: ₹321.54,39.0,C  (Hold),2.0,2.0,4.0,3.0,1.0,4.0,10.0,4.0,7.0,6.0,done
GTLINFRA.NS,GTL Infra.,Real Estate,25.0,2026-04-26 17:58,1.2,16.5,4.35,-20.0,0.97,2.05,23.71,Stable,Normal,0.0,0.0,0.0,4.4,0.0,4.27,1537.0,https://www.screener.in/company/GTLINFRA/consolidated/,0.13,45.47,3.28,0.13,0.12,0.1,0.12,45.47,45.17,44.42,43.25,0,1,0.01,2.22,Buying (+0.0% over 4Q),Accumulating (+2.2% over 4Q),1.12,0.9,1.01,0.78,OVERVALUED +7.1%,52W Low Buffer: ₹1.12,39.0,C  (Hold),4.0,10.0,0.0,3.0,1.0,1.0,10.0,4.0,3.0,8.0,done
NELCO.NS,NELCO,Miscellaneous,20.0,2026-04-26 17:59,666.8,13.53,-5.1,-24.05,506.1,1124.9,31.75,Stable,Rising,3105.0,0.0,0.38,6.95,0.0,0.66,1522.0,https://www.screener.in/company/NELCO/consolidated/,4.34,0.05,50.09,4.34,4.44,4.51,4.54,0.05,0.09,0.08,0.05,1,0,-0.2,0.0,Selling (-0.2% over 4Q),Stable/Reducing,582.01,465.61,523.81,407.41,OVERVALUED +14.6%,PE Mean Reversion: ₹4.3 | 52W Low Buffer: ₹582.01,39.0,C  (Hold),7.0,5.0,1.0,3.0,1.0,1.0,10.0,2.0,10.0,6.0,done
WENDT.NS,Wendt India,Miscellaneous,20.0,2026-04-26 18:00,7051.0,4.74,-4.09,-20.63,5924.5,11355.95,19.01,Stable,Rising,96.9,0.0,5.85,9.16,0.0,0.85,1410.0,https://www.screener.in/company/WENDT/consolidated/,0.03,6.86,75.0,0.03,0.01,0.02,0.05,6.86,6.82,6.82,6.78,0,1,-0.02,0.08,Stable,Accumulating (+0.1% over 4Q),6813.17,5450.54,6131.85,4769.22,OVERVALUED +3.5%,PE Mean Reversion: ₹1455.31 | 52W Low Buffer: ₹6813.17,39.0,C  (Hold),4.0,7.0,1.0,3.0,1.0,1.0,10.0,2.0,10.0,8.0,done
NIRLON.NS,Nirlon,Miscellaneous,20.0,2026-04-26 11:09,550.02,0.0,0.0,0.0,544.74,550.02,0.97,Stable,Normal,0.0,0.0,0.0,0.0,0.0,0.0,0.0,https://www.screener.in/company/NIRLON/consolidated/,14.33,0.14,70.34,14.33,14.38,14.25,14.34,0.14,0.01,0.01,0.01,0,1,-0.01,0.13,Stable,Accumulating (+0.1% over 4Q),626.45,501.16,563.81,438.51,WATCH,52W Low Buffer: ₹626.45,38.5,C  (Hold),4.0,7.0,0.0,3.0,1.0,1.0,10.0,2.0,10.0,10.0,done
PNGSREVA.NS,PNGS Reva Diamo.,Miscellaneous,20.0,2026-04-26 11:18,396.9,7.77,0.0,0.0,331.8,411.7,19.62,Stable,Rising,0.0,0.0,0.0,0.0,0.0,0.0,0.0,https://www.screener.in/company/PNGSREVA/consolidated/,5.27,13.11,63.09,5.27,0.0,0.0,0.0,13.11,0.0,0.0,0.0,0,1,5.27,13.11,Buying (+5.3% over 4Q),Accumulating (+13.1% over 4Q),381.57,305.26,343.41,267.1,OVERVALUED +4.0%,52W Low Buffer: ₹381.57,38.5,C  (Hold),2.0,10.0,0.0,3.0,1.0,1.0,10.0,2.0,10.0,8.0,done
MTNL.NS,M T N L,Miscellaneous,20.0,2026-04-26 17:51,30.61,23.68,-9.14,-28.73,21.47,54.41,42.57,Stable,Rising,0.0,0.0,0.0,-6.76,0.0,2.58,1928.0,https://www.screener.in/company/MTNL/consolidated/,0.39,13.89,56.82,0.39,0.4,0.47,0.55,13.89,13.88,13.75,13.63,1,1,-0.16,0.26,Selling (-0.2% over 4Q),Accumulating (+0.3% over 4Q),24.69,19.75,22.22,17.28,OVERVALUED +24.0%,52W Low Buffer: ₹24.69,38.5,C  (Hold),7.0,7.0,0.0,3.0,1.0,1.0,10.0,2.0,10.0,4.0,done
SOBHA.NS,Sobha,Miscellaneous,20.0,2026-04-26 17:05,1417.0,11.82,-8.55,-1.75,1156.8,1701.2,22.49,Stable,Rising,106.0,0.0,2.68,6.44,0.0,10.0,15152.0,https://www.screener.in/company/SOBHA/consolidated/,12.74,12.21,52.28,12.74,11.22,11.13,11.87,12.21,14.95,17.23,17.55,0,0,0.87,-5.34,Buying (+0.9% over 4Q),Stable/Reducing,1330.32,1064.26,1197.29,931.22,OVERVALUED +6.5%,PE Mean Reversion: ₹267.36 | 52W Low Buffer: ₹1330.32,38.0,C  (Hold),4.0,2.0,1.0,3.0,1.0,1.0,10.0,6.0,10.0,8.0,done
ASTRAMICRO.NS,Astra Microwave,Miscellaneous,20.0,2026-04-26 17:11,1123.75,26.15,16.43,3.04,784.48,1176.02,43.25,Rising,Rising,66.5,0.0,14.4,18.7,0.0,2.95,10669.0,https://www.screener.in/company/ASTRAMICRO/consolidated/,3.03,9.86,6.54,3.03,1.73,2.94,3.17,9.86,15.26,14.79,13.59,0,0,-0.14,-3.73,Stable,Stable/Reducing,902.15,721.72,811.93,631.5,OVERVALUED +24.6%,PE Mean Reversion: ₹337.97 | 52W Low Buffer: ₹902.15,38.0,C  (Hold),4.0,2.0,1.0,3.0,4.0,6.0,10.0,2.0,3.0,4.0,done
ARFIN.NS,Arfin India,Miscellaneous,20.0,2026-04-26 17:56,95.16,23.66,17.47,91.22,31.47,97.91,202.38,Rising,Rising,175.0,0.0,7.23,14.0,0.0,-6.17,1606.0,https://www.screener.in/company/ARFIN/consolidated/,0.0,0.0,74.11,0.0,0.95,2.56,2.56,0.0,0.0,0.0,0.0,1,0,-2.56,0.0,Selling (-2.6% over 4Q),No data,36.19,28.95,32.57,25.33,OVERVALUED +162.9%,PE Mean Reversion: ₹10.88 | 52W Low Buffer: ₹36.19,38.0,C  (Hold),7.0,5.0,1.0,3.0,1.0,4.0,10.0,0.0,10.0,2.0,done
UNITECH.NS,Unitech,IT,28.0,2026-04-26 18:04,4.76,12.8,-9.51,-35.5,3.16,10.02,50.63,Stable,Rising,0.0,0.0,0.0,-47.9,0.0,50.0,1245.0,https://www.screener.in/company/UNITECH/consolidated/,0.35,0.91,5.14,0.35,0.65,0.32,0.49,0.91,0.91,0.91,0.91,0,0,-0.14,0.0,Stable,Stable/Reducing,3.63,2.9,3.27,2.54,OVERVALUED +31.1%,52W Low Buffer: ₹3.63,38.0,C  (Hold),4.0,5.0,0.0,3.0,1.0,1.0,10.0,10.0,3.0,4.0,done
HITECHGEAR.NS,The Hi-Tech Gear,IT,28.0,2026-04-26 18:06,624.0,3.42,-16.07,-23.35,548.3,876.05,13.81,Falling,Normal,52.0,0.0,8.4,11.5,0.0,-3.45,1174.0,https://www.screener.in/company/HITECHGEAR/consolidated/,0.0,0.0,56.26,0.0,0.02,0.0,0.06,0.0,0.0,0.0,0.0,0,0,-0.06,0.0,Stable,No data,630.54,504.43,567.49,441.38,FAIR VALUE,PE Mean Reversion: ₹336.0 | 52W Low Buffer: ₹630.54,38.0,C  (Hold),4.0,5.0,1.0,3.0,1.0,4.0,10.0,0.0,10.0,8.0,done
INGERRAND.NS,Ingersoll-Rand,Miscellaneous,20.0,2026-04-26 11:02,4216.0,15.59,30.99,7.22,3124.3,4216.0,34.94,Rising,Normal,0.0,0.0,0.0,0.0,0.0,0.0,0.0,https://www.screener.in/company/INGERRAND/consolidated/,1.24,5.42,75.0,1.24,1.31,1.44,1.59,5.42,5.38,5.18,5.36,1,0,-0.35,0.06,Selling (-0.3% over 4Q),Stable/Reducing,3592.94,2874.35,3233.65,2515.06,OVERVALUED +17.3%,52W Low Buffer: ₹3592.94,37.5,C  (Hold),7.0,5.0,0.0,3.0,1.0,1.0,10.0,2.0,10.0,6.0,done
TTML.NS,Tata Tele. Mah.,Telecom,25.0,2026-04-26 11:05,44.63,23.39,-4.02,-22.65,31.36,76.9,42.32,Stable,Rising,0.0,0.0,0.0,-12.7,0.0,8.01,8725.0,https://www.screener.in/company/TTML/consolidated/,2.03,0.05,74.36,2.03,2.23,2.26,2.46,0.05,0.06,0.05,0.06,1,0,-0.43,-0.01,Selling (-0.4% over 4Q),Stable/Reducing,36.06,28.85,32.45,25.24,OVERVALUED +23.8%,52W Low Buffer: ₹36.06,37.5,C  (Hold),7.0,2.0,0.0,3.0,1.0,1.0,10.0,6.0,10.0,4.0,done
SHANTIGOLD.NS,Shanti Gold,Miscellaneous,20.0,2026-04-26 11:17,205.75,11.45,0.21,-3.91,156.63,253.0,31.36,Stable,Normal,0.0,0.0,0.0,0.0,0.0,0.0,0.0,https://www.screener.in/company/SHANTIGOLD/consolidated/,2.68,4.01,74.89,2.68,2.21,2.18,0.0,4.01,2.29,2.13,0.0,0,1,2.68,4.01,Buying (+2.7% over 4Q),Accumulating (+4.0% over 4Q),180.12,144.1,162.11,126.08,OVERVALUED +14.2%,52W Low Buffer: ₹180.12,37.5,C  (Hold),2.0,10.0,0.0,3.0,1.0,1.0,10.0,2.0,10.0,6.0,done
KIOCL.NS,KIOCL,Miscellaneous,20.0,2026-04-26 16:58,399.65,13.62,5.35,-21.33,235.55,627.6,69.67,Stable,Normal,0.0,0.0,0.0,0.0,0.0,0.0,0.0,https://www.screener.in/company/KIOCL/consolidated/,0.0,0.13,99.03,0.0,0.0,0.0,0.01,0.13,0.13,0.1,0.09,1,1,-0.01,0.04,Selling (-0.0% over 4Q),Accumulating (+0.0% over 4Q),270.88,216.7,243.79,189.62,OVERVALUED +47.5%,52W Low Buffer: ₹270.88,37.5,C  (Hold),7.0,7.0,0.0,3.0,1.0,1.0,10.0,2.0,10.0,2.0,done
NEPHROCARE.NS,Nephrocare Health Services,Healthcare,25.0,2026-04-26 17:24,86.0,35.33,-27.97,-38.57,51.75,174.1,66.18,Falling,Normal,0.0,0.0,0.0,0.0,0.0,0.0,0.0,https://www.screener.in/company/NEPHROCARE/consolidated/,3.92,4.82,61.38,3.92,4.06,3.5,3.47,4.82,3.41,2.24,1.04,0,1,0.45,3.78,Buying (+0.5% over 4Q),Accumulating (+3.8% over 4Q),59.51,47.61,53.56,41.66,OVERVALUED +44.5%,52W Low Buffer: ₹59.51,37.5,C  (Hold),4.0,10.0,0.0,3.0,1.0,1.0,10.0,2.0,10.0,2.0,done
SPMLINFRA.NS,SPML Infra,Real Estate,25.0,2026-04-26 17:53,213.26,26.86,28.58,-11.56,153.73,307.97,38.72,Rising,Normal,30.1,0.0,7.78,8.91,0.0,-0.78,1790.0,https://www.screener.in/company/SPMLINFRA/consolidated/,0.0,2.34,39.35,0.0,0.0,0.41,0.59,2.34,2.34,2.34,1.93,1,1,-0.59,0.41,Selling (-0.6% over 4Q),Accumulating (+0.4% over 4Q),177.13,141.7,159.42,123.99,OVERVALUED +20.4%,PE Mean Reversion: ₹177.13 | 52W Low Buffer: ₹176.79,37.5,C  (Hold),7.0,7.0,1.0,3.0,1.0,1.0,10.0,0.0,7.0,6.0,done
MADRASFERT.NS,Madras Fertilize,Miscellaneous,20.0,2026-04-26 18:09,67.41,11.13,-15.57,-19.29,53.06,99.28,27.04,Falling,Normal,0.0,0.0,0.0,0.0,0.0,0.0,0.0,https://www.screener.in/company/MADRASFERT/consolidated/,0.0,0.04,85.27,0.0,0.0,0.0,0.13,0.04,0.04,0.04,0.04,1,0,-0.13,0.0,Selling (-0.1% over 4Q),Stable/Reducing,61.02,48.82,54.92,42.71,OVERVALUED +10.5%,52W Low Buffer: ₹61.02,37.5,C  (Hold),7.0,5.0,0.0,3.0,1.0,1.0,10.0,2.0,10.0,6.0,done
PINELABS.NS,Pine Labs,Miscellaneous,20.0,2026-04-26 16:59,195.84,19.07,-13.38,0.0,152.77,250.89,28.19,Falling,Rising,0.0,0.0,-3.31,-0.49,0.0,28.47,22488.0,https://www.screener.in/company/PINELABS/consolidated/,5.23,11.26,0.0,5.23,4.8,0.0,0.0,11.26,11.81,0.0,0.0,0,0,5.23,11.26,Buying (+5.2% over 4Q),Stable/Reducing,175.69,140.55,158.12,122.98,OVERVALUED +11.5%,52W Low Buffer: ₹175.69,37.0,C  (Hold),2.0,5.0,0.0,3.0,1.0,1.0,10.0,10.0,3.0,6.0,done
TTKPRESTIG.NS,TTK Prestige,Miscellaneous,20.0,2026-04-26 17:19,520.25,11.55,-12.12,-18.1,428.7,716.15,21.36,Falling,Normal,46.4,0.0,7.42,11.6,0.0,6.59,7125.0,https://www.screener.in/company/TTKPRESTIG/consolidated/,7.93,13.66,70.41,7.93,8.0,6.72,6.8,13.66,13.42,14.61,14.66,0,0,1.13,-1.0,Buying (+1.1% over 4Q),Stable/Reducing,493.0,394.4,443.7,345.1,OVERVALUED +5.5%,PE Mean Reversion: ₹224.25 | 52W Low Buffer: ₹493.0,37.0,C  (Hold),2.0,2.0,1.0,3.0,1.0,4.0,10.0,4.0,10.0,8.0,done
ORIENTELEC.NS,Orient Electric,Power,25.0,2026-04-26 17:31,184.81,11.13,12.69,-8.31,154.64,243.8,19.51,Rising,Rising,0.0,0.0,0.0,0.0,0.0,0.0,0.0,https://www.screener.in/company/ORIENTELEC/consolidated/,5.5,27.87,38.3,5.5,5.69,5.94,6.52,27.87,29.98,29.23,27.19,1,0,-1.02,0.68,Selling (-1.0% over 4Q),Stable/Reducing,177.84,142.27,160.06,124.49,OVERVALUED +3.9%,52W Low Buffer: ₹177.84,37.0,C  (Hold),7.0,5.0,0.0,3.0,1.0,1.0,10.0,2.0,7.0,8.0,done
NELCAST.NS,Nelcast,Miscellaneous,20.0,2026-04-26 18:08,128.8,7.49,32.66,15.96,82.55,174.05,56.02,Rising,Normal,24.0,0.0,6.48,9.55,0.0,3.04,1121.0,https://www.screener.in/company/NELCAST/consolidated/,0.79,0.58,74.87,0.79,1.05,0.88,0.9,0.58,0.58,0.48,0.48,0,1,-0.11,0.1,Stable,Accumulating (+0.1% over 4Q),107.33,85.86,96.6,75.13,OVERVALUED +20.0%,PE Mean Reversion: ₹107.33 | 52W Low Buffer: ₹94.93,37.0,C  (Hold),4.0,7.0,1.0,3.0,1.0,1.0,10.0,2.0,10.0,4.0,done
KOLTEPATIL.NS,Kolte Patil Dev.,Miscellaneous,20.0,2026-04-26 17:36,377.4,16.25,0.53,-12.05,295.9,492.4,27.54,Stable,Rising,79.0,0.0,13.2,10.9,0.0,-29.82,3347.0,https://www.screener.in/company/KOLTEPATIL/consolidated/,1.54,2.51,74.45,1.54,2.64,2.59,4.77,2.51,3.96,4.51,6.02,0,0,-3.23,-3.51,Stable,Stable/Reducing,340.28,272.22,306.25,238.2,OVERVALUED +10.9%,PE Mean Reversion: ₹95.54 | 52W Low Buffer: ₹340.28,36.5,C  (Hold),2.0,2.0,1.0,3.0,4.0,4.0,10.0,0.0,10.0,6.0,done
SIMPLEXINF.NS,Simplex Infra,Real Estate,25.0,2026-04-26 17:55,215.79,30.59,-8.6,-24.1,140.3,319.3,53.81,Stable,Rising,31.9,0.0,-4.4,-0.05,0.0,-5.2,1707.0,https://www.screener.in/company/SIMPLEXINF/consolidated/,0.35,8.84,49.82,0.35,0.35,0.35,0.35,8.84,0.94,0.94,0.94,0,1,0.0,7.9,Stable,Accumulating (+7.9% over 4Q),169.11,135.29,152.2,118.38,OVERVALUED +27.6%,PE Mean Reversion: ₹169.11 | 52W Low Buffer: ₹161.34,36.5,C  (Hold),4.0,10.0,1.0,3.0,1.0,1.0,10.0,0.0,7.0,4.0,done
AYMSYNTEX.NS,AYM Syntex,Miscellaneous,20.0,2026-04-26 18:02,230.81,25.94,46.75,21.74,148.08,268.56,55.87,Rising,Normal,0.0,0.0,2.53,8.36,0.0,-8.66,1353.0,https://www.screener.in/company/AYMSYNTEX/consolidated/,0.09,0.15,73.86,0.09,0.09,0.09,0.1,0.15,0.15,0.15,0.13,1,1,-0.01,0.02,Selling (-0.0% over 4Q),Accumulating (+0.0% over 4Q),170.29,136.23,153.26,119.2,OVERVALUED +35.5%,52W Low Buffer: ₹170.29,36.5,C  (Hold),7.0,7.0,0.0,3.0,1.0,1.0,10.0,0.0,10.0,4.0,done
GRAPHITE.NS,Graphite India,Miscellaneous,20.0,2026-04-26 17:06,723.4,19.16,14.3,28.43,428.67,741.05,68.76,Rising,Rising,40.6,0.0,8.0,10.1,0.0,5.55,14133.0,https://www.screener.in/company/GRAPHITE/consolidated/,4.05,8.51,65.34,4.05,4.39,4.27,4.56,8.51,9.48,10.63,12.17,0,0,-0.51,-3.66,Stable,Stable/Reducing,492.97,394.38,443.67,345.08,OVERVALUED +46.7%,PE Mean Reversion: ₹356.35 | 52W Low Buffer: ₹492.97,36.0,C  (Hold),4.0,2.0,1.0,3.0,1.0,4.0,10.0,4.0,10.0,2.0,done
EUREKAFORB.NS,Eureka Forbes,Miscellaneous,20.0,2026-04-26 17:13,510.05,10.28,-10.0,-6.83,425.9,652.8,19.76,Falling,Normal,50.1,0.0,3.71,5.07,0.0,8.25,9865.0,https://www.screener.in/company/EUREKAFORB/consolidated/,10.76,2.73,72.56,10.76,10.61,10.76,16.01,2.73,3.45,4.0,5.64,0,0,-5.25,-2.91,Stable,Stable/Reducing,489.78,391.82,440.8,342.85,OVERVALUED +4.1%,PE Mean Reversion: ₹203.61 | 52W Low Buffer: ₹489.78,36.0,C  (Hold),2.0,2.0,1.0,3.0,1.0,1.0,10.0,6.0,10.0,8.0,done
PSPPROJECT.NS,PSP Projects,Miscellaneous,20.0,2026-04-26 17:40,729.05,11.95,-12.1,-6.36,575.5,1002.65,26.68,Falling,Normal,70.7,0.0,5.3,8.69,0.0,7.72,2890.0,https://www.screener.in/company/PSPPROJECT/consolidated/,4.2,5.33,66.22,4.2,4.23,3.3,2.31,5.33,5.35,5.01,4.53,0,0,1.89,0.8,Buying (+1.9% over 4Q),Stable/Reducing,661.82,529.46,595.64,463.27,OVERVALUED +10.2%,PE Mean Reversion: ₹206.24 | 52W Low Buffer: ₹661.82,36.0,C  (Hold),2.0,5.0,1.0,3.0,1.0,1.0,10.0,4.0,10.0,6.0,done
SOMANYCERA.NS,Somany Ceramics,Miscellaneous,20.0,2026-04-26 17:51,470.05,24.25,18.16,3.38,338.5,588.49,38.86,Rising,Normal,29.8,0.0,8.17,11.5,0.0,3.08,1928.0,https://www.screener.in/company/SOMANYCERA/consolidated/,1.57,21.92,54.79,1.57,1.45,1.43,1.32,21.92,23.65,23.26,23.82,0,0,0.25,-1.9,Buying (+0.2% over 4Q),Stable/Reducing,389.27,311.42,350.34,272.49,OVERVALUED +20.8%,PE Mean Reversion: ₹315.47 | 52W Low Buffer: ₹389.27,36.0,C  (Hold),4.0,2.0,1.0,3.0,1.0,4.0,10.0,2.0,10.0,6.0,done
VESUVIUS.NS,Vesuvius India,Miscellaneous,20.0,2026-04-26 11:04,499.95,4.52,8.59,-0.71,435.35,619.0,14.84,Stable,Normal,0.0,0.0,0.0,0.0,0.0,0.0,0.0,https://www.screener.in/company/VESUVIUS/consolidated/,0.77,23.2,55.57,0.77,1.26,1.73,1.57,23.2,23.28,23.26,23.06,0,0,-0.8,0.14,Stable,Stable/Reducing,500.65,400.52,450.58,350.45,FAIR VALUE,52W Low Buffer: ₹500.65,35.5,C  (Hold),4.0,5.0,0.0,3.0,1.0,1.0,10.0,2.0,10.0,8.0,done
SHILCTECH.NS,Shilchar Tech.,IT,28.0,2026-04-26 11:08,5016.3,26.12,50.33,0.0,2923.4,5307.8,71.59,Rising,Normal,0.0,0.0,0.0,0.0,0.0,0.0,0.0,https://www.screener.in/company/SHILCTECH/consolidated/,0.59,0.0,65.85,0.59,1.0,3.17,3.55,0.0,0.0,0.0,0.0,1,0,-2.96,0.0,Selling (-3.0% over 4Q),No data,3361.91,2689.53,3025.72,2353.34,OVERVALUED +49.2%,52W Low Buffer: ₹3361.91,35.5,C  (Hold),7.0,5.0,0.0,3.0,1.0,1.0,10.0,2.0,10.0,2.0,done
AUTOAXLES.NS,Automotive Axles,Automobiles,25.0,2026-04-26 11:13,1796.3,7.78,-5.5,4.16,1547.1,2109.3,16.11,Stable,Normal,0.0,0.0,0.0,0.0,0.0,0.0,0.0,https://www.screener.in/company/AUTOAXLES/consolidated/,0.7,12.47,71.04,0.7,0.67,0.63,0.51,12.47,12.0,11.96,11.97,0,0,0.19,0.5,Buying (+0.2% over 4Q),Stable/Reducing,1779.16,1423.33,1601.24,1245.41,OVERVALUED +1.0%,52W Low Buffer: ₹1779.16,35.5,C  (Hold),4.0,5.0,0.0,3.0,1.0,1.0,10.0,2.0,10.0,8.0,done
ORIENTTECH.NS,Orient Tech.,IT,28.0,2026-04-26 11:18,278.2,5.8,-24.5,-32.16,224.0,459.45,24.2,Falling,Normal,0.0,0.0,0.0,0.0,0.0,0.0,1274.0,https://www.screener.in/company/ORIENTTECH/consolidated/,3.56,1.88,73.22,3.56,2.17,1.45,0.69,1.88,0.0,0.0,0.0,0,1,2.87,1.88,Buying (+2.9% over 4Q),Accumulating (+1.9% over 4Q),257.6,206.08,231.84,180.32,OVERVALUED +8.0%,52W Low Buffer: ₹257.6,35.5,C  (Hold),2.0,7.0,0.0,3.0,1.0,1.0,10.0,2.0,10.0,8.0,done
MAHSCOOTER.NS,Mah. Scooters,Miscellaneous,20.0,2026-04-26 17:06,12368.0,-0.59,-13.51,-27.98,10656.58,17872.0,16.06,Falling,Rising,0.0,0.0,0.0,0.0,0.0,0.0,0.0,https://www.screener.in/company/MAHSCOOTER/consolidated/,4.06,4.89,51.0,4.06,4.16,4.39,4.42,4.89,5.15,5.1,5.08,1,0,-0.36,-0.19,Selling (-0.4% over 4Q),Stable/Reducing,12255.07,9804.06,11029.56,8578.55,OVERVALUED +0.9%,52W Low Buffer: ₹12255.07,35.5,C  (Hold),7.0,2.0,0.0,3.0,1.0,1.0,10.0,2.0,10.0,8.0,done
MAXESTATES.NS,Max Estates,Miscellaneous,20.0,2026-04-26 17:21,393.0,6.53,-7.46,-14.81,308.75,552.2,27.29,Stable,Normal,184.0,0.0,2.01,2.54,0.0,18.75,6424.0,https://www.screener.in/company/MAXESTATES/consolidated/,29.53,0.01,49.51,29.53,27.61,27.54,27.55,0.01,0.2,0.03,5.72,0,0,1.98,-5.71,Buying (+2.0% over 4Q),Stable/Reducing,355.06,284.05,319.55,248.54,OVERVALUED +10.7%,PE Mean Reversion: ₹42.72 | 52W Low Buffer: ₹355.06,35.5,C  (Hold),2.0,2.0,1.0,3.0,1.0,1.0,10.0,8.0,7.0,6.0,done
CAMLINFINE.NS,Camlin Fine,Miscellaneous,20.0,2026-04-26 17:44,127.4,7.32,-14.17,-35.11,96.93,327.53,31.44,Falling,Rising,1031.0,0.0,-15.0,11.0,0.0,6.66,2447.0,https://www.screener.in/company/CAMLINFINE/consolidated/,10.11,9.31,16.52,10.11,1.61,0.99,1.69,9.31,3.89,3.75,4.55,0,0,8.42,4.76,Buying (+8.4% over 4Q),Stable/Reducing,111.47,89.18,100.32,78.03,OVERVALUED +14.3%,PE Mean Reversion: ₹2.47 | 52W Low Buffer: ₹111.47,35.5,C  (Hold),2.0,5.0,1.0,3.0,1.0,4.0,10.0,4.0,3.0,6.0,done
PNBGILTS.NS,PNB Gilts,Miscellaneous,20.0,2026-04-26 18:03,71.07,3.68,-11.15,-27.38,59.16,114.25,20.13,Falling,Rising,0.0,0.0,0.0,0.0,0.0,0.0,0.0,https://www.screener.in/company/PNBGILTS/consolidated/,0.01,0.0,74.07,0.01,0.04,0.01,0.02,0.0,0.0,0.0,0.0,0,0,-0.01,0.0,Stable,No data,68.03,54.42,61.23,47.62,OVERVALUED +4.5%,52W Low Buffer: ₹68.03,35.5,C  (Hold),4.0,5.0,0.0,3.0,1.0,1.0,10.0,2.0,10.0,8.0,done
TIMKEN.NS,Timken India,Miscellaneous,20.0,2026-04-26 10:59,3517.6,11.2,15.29,18.04,2427.38,3633.0,44.91,Rising,Normal,60.3,0.0,0.0,0.0,0.0,0.0,26459.0,https://www.screener.in/company/TIMKEN/consolidated/,6.56,19.11,57.7,6.56,6.71,7.13,7.2,19.11,19.68,22.57,23.62,1,0,-0.64,-4.51,Selling (-0.6% over 4Q),Stable/Reducing,2791.49,2233.19,2512.34,1954.04,OVERVALUED +26.0%,PE Mean Reversion: ₹1166.7 | 52W Low Buffer: ₹2791.49,35.0,C  (Hold),7.0,2.0,1.0,3.0,1.0,1.0,10.0,2.0,10.0,4.0,done
IFCI.NS,IFCI,Miscellaneous,20.0,2026-04-26 17:03,59.5,10.21,6.06,2.92,39.24,71.76,51.63,Stable,Normal,40.1,0.0,2.6,8.08,0.0,0.0,16031.0,https://www.screener.in/company/IFCI/consolidated/,1.51,2.0,70.32,1.51,1.87,2.08,2.29,2.0,2.01,2.02,2.03,1,0,-0.78,-0.03,Selling (-0.8% over 4Q),Stable/Reducing,45.13,36.1,40.62,31.59,OVERVALUED +31.8%,PE Mean Reversion: ₹29.68 | 52W Low Buffer: ₹45.13,35.0,C  (Hold),7.0,2.0,1.0,3.0,1.0,1.0,10.0,2.0,10.0,4.0,done
TRIDENT.NS,Trident,Miscellaneous,20.0,2026-04-26 17:08,25.45,4.95,0.04,-10.23,22.06,32.97,15.37,Stable,Normal,31.8,0.0,8.23,9.48,0.0,-0.77,12969.0,https://www.screener.in/company/TRIDENT/consolidated/,2.47,0.05,73.19,2.47,2.56,2.55,2.65,0.05,0.05,0.06,0.05,0,0,-0.18,0.0,Stable,Stable/Reducing,25.37,20.3,22.83,17.76,OVERVALUED +0.3%,PE Mean Reversion: ₹16.01 | 52W Low Buffer: ₹25.37,35.0,C  (Hold),4.0,5.0,1.0,3.0,1.0,1.0,10.0,0.0,10.0,8.0,done
CYIENT.NS,Cyient,Miscellaneous,20.0,2026-04-26 17:13,873.05,5.78,-25.75,-24.83,752.85,1324.14,15.97,Falling,Rising,20.3,0.0,8.69,12.4,0.0,-1.25,9702.0,https://www.screener.in/company/CYIENT/consolidated/,36.57,21.31,23.35,36.57,35.71,34.11,31.04,21.31,21.57,22.69,25.91,0,0,5.53,-4.6,Buying (+5.5% over 4Q),Stable/Reducing,865.78,692.62,779.2,606.05,OVERVALUED +0.8%,PE Mean Reversion: ₹860.15 | 52W Low Buffer: ₹865.78,35.0,C  (Hold),2.0,2.0,4.0,3.0,1.0,4.0,10.0,0.0,5.0,8.0,done
GREAVESCOT.NS,Greaves Cotton,Miscellaneous,20.0,2026-04-26 17:33,154.81,14.9,-9.27,-25.55,120.61,232.75,28.36,Stable,Normal,33.2,0.0,4.11,5.13,0.0,11.69,3606.0,https://www.screener.in/company/GREAVESCOT/consolidated/,4.94,3.63,55.87,4.94,4.57,3.18,2.81,3.63,3.42,3.44,3.75,0,0,2.13,-0.12,Buying (+2.1% over 4Q),Stable/Reducing,138.7,110.96,124.83,97.09,OVERVALUED +11.6%,PE Mean Reversion: ₹93.26 | 52W Low Buffer: ₹138.7,35.0,C  (Hold),2.0,2.0,1.0,3.0,1.0,1.0,10.0,6.0,10.0,6.0,done
UNICHEMLAB.NS,Unichem Labs.,Miscellaneous,20.0,2026-04-26 17:42,372.35,18.83,-10.06,-23.44,284.05,647.55,31.09,Falling,Rising,24.9,0.0,5.59,6.24,0.0,4.88,2622.0,https://www.screener.in/company/UNICHEMLAB/consolidated/,1.62,9.65,50.94,1.62,0.83,0.84,0.9,9.65,10.0,10.46,11.26,0,0,0.72,-1.61,Buying (+0.7% over 4Q),Stable/Reducing,326.66,261.33,293.99,228.66,OVERVALUED +14.0%,PE Mean Reversion: ₹299.08 | 52W Low Buffer: ₹326.66,35.0,C  (Hold),4.0,2.0,1.0,3.0,1.0,1.0,10.0,4.0,10.0,6.0,done
HIKAL.NS,Hikal,Miscellaneous,20.0,2026-04-26 17:47,181.1,7.49,-14.46,-26.6,147.08,419.78,23.13,Falling,Normal,89.3,0.0,7.38,9.85,0.0,-6.13,2233.0,https://www.screener.in/company/HIKAL/consolidated/,4.57,2.78,68.85,4.57,4.81,6.14,6.55,2.78,3.11,3.15,3.53,1,0,-1.98,-0.75,Selling (-2.0% over 4Q),Stable/Reducing,169.14,135.31,152.23,118.4,OVERVALUED +7.1%,PE Mean Reversion: ₹40.56 | 52W Low Buffer: ₹169.14,35.0,C  (Hold),7.0,2.0,1.0,3.0,1.0,1.0,10.0,0.0,10.0,8.0,done
CASTROLIND.NS,Castrol India,Miscellaneous,20.0,2026-04-26 11:00,182.79,0.38,0.26,-6.21,173.52,218.6,5.34,Stable,Normal,0.0,0.0,0.0,0.0,0.0,0.0,0.0,https://www.screener.in/company/CASTROLIND/consolidated/,11.41,16.52,51.0,11.41,10.96,10.38,9.51,16.52,16.51,15.92,16.37,0,0,1.9,0.15,Buying (+1.9% over 4Q),Stable/Reducing,199.55,159.64,179.6,139.69,FAIR VALUE,52W Low Buffer: ₹199.55,34.5,C  (Hold),2.0,5.0,0.0,3.0,1.0,1.0,10.0,2.0,10.0,10.0,done
TIPSMUSIC.NS,Tips Music,Media,35.0,2026-04-26 11:05,665.15,29.02,29.28,23.23,479.96,687.63,38.59,Rising,Rising,0.0,0.0,0.0,0.0,0.0,0.0,0.0,https://www.screener.in/company/TIPSMUSIC/consolidated/,0.06,0.0,75.0,0.06,0.42,0.85,2.09,0.0,0.57,0.91,8.17,1,0,-2.03,-8.17,Selling (-2.0% over 4Q),Stable/Reducing,551.95,441.56,496.76,386.37,OVERVALUED +20.5%,52W Low Buffer: ₹551.95,34.5,C  (Hold),7.0,2.0,0.0,3.0,1.0,1.0,10.0,2.0,10.0,6.0,done
SKFINDUS.NS,SKF India Indus.,Miscellaneous,20.0,2026-04-26 17:11,2263.2,3.87,-15.37,0.0,2083.2,2720.9,8.64,Falling,Normal,0.0,0.0,0.0,0.0,0.0,0.0,0.0,https://www.screener.in/company/SKFINDUS/consolidated/,4.74,29.47,52.58,4.74,4.87,0.0,0.0,29.47,29.72,0.0,0.0,0,0,4.74,29.47,Buying (+4.7% over 4Q),Stable/Reducing,2395.68,1916.54,2156.11,1676.98,FAIR VALUE,52W Low Buffer: ₹2395.68,34.5,C  (Hold),2.0,5.0,0.0,3.0,1.0,1.0,10.0,2.0,10.0,10.0,done
PVRINOX.NS,PVR Inox,Miscellaneous,20.0,2026-04-26 17:13,1004.15,1.84,-1.55,-8.16,918.6,1241.0,9.31,Stable,Normal,175.0,0.0,-4.18,2.72,0.0,11.11,9861.0,https://www.screener.in/company/PVRINOX/consolidated/,26.83,33.15,27.62,26.83,23.26,21.83,16.8,33.15,37.19,39.22,40.21,0,0,10.03,-7.06,Buying (+10.0% over 4Q),Stable/Reducing,1056.39,845.11,950.75,739.47,FAIR VALUE,PE Mean Reversion: ₹114.76 | 52W Low Buffer: ₹1056.39,34.5,C  (Hold),2.0,2.0,1.0,3.0,1.0,1.0,10.0,6.0,5.0,10.0,done
ORISSAMINE.NS,Orissa Minerals,Miscellaneous,20.0,2026-04-26 17:45,3984.2,10.55,-17.67,-28.53,3125.5,5800.0,27.47,Falling,Rising,0.0,0.0,0.0,0.0,0.0,0.0,0.0,https://www.screener.in/company/ORISSAMINE/consolidated/,0.32,9.15,50.01,0.32,0.5,1.23,1.52,9.15,11.17,10.92,10.99,1,0,-1.2,-1.84,Selling (-1.2% over 4Q),Stable/Reducing,3594.32,2875.46,3234.89,2516.02,OVERVALUED +10.8%,52W Low Buffer: ₹3594.32,34.5,C  (Hold),7.0,2.0,0.0,3.0,1.0,1.0,10.0,2.0,10.0,6.0,done
WEBELSOLAR.NS,Websol Energy,Power,25.0,2026-04-26 11:09,110.85,48.1,33.41,-7.16,51.89,156.67,113.62,Rising,Normal,26.5,0.0,0.0,0.0,0.0,0.0,4813.0,https://www.screener.in/company/WEBELSOLAR/consolidated/,4.14,0.02,26.76,4.14,0.83,0.77,0.47,0.02,0.02,0.25,0.0,0,0,3.67,0.02,Buying (+3.7% over 4Q),Stable/Reducing,104.58,83.66,94.12,73.21,OVERVALUED +6.0%,PE Mean Reversion: ₹104.58 | 52W Low Buffer: ₹59.67,34.0,C  (Hold),2.0,5.0,4.0,3.0,1.0,1.0,10.0,2.0,5.0,2.0,done
DCBBANK.NS,DCB Bank,Banking,12.0,2026-04-26 17:22,193.37,13.87,3.69,48.57,120.21,201.39,60.86,Stable,Normal,0.0,0.0,0.0,0.0,0.0,0.0,0.0,https://www.screener.in/company/DCBBANK/consolidated/,12.3,39.7,14.82,12.3,12.74,13.02,12.75,39.7,38.99,34.2,29.65,0,1,-0.45,10.05,Stable,Accumulating (+10.1% over 4Q),138.24,110.59,124.42,96.77,OVERVALUED +39.9%,52W Low Buffer: ₹138.24,34.0,C  (Hold),4.0,10.0,0.0,3.0,1.0,1.0,10.0,2.0,3.0,2.0,done
BIRLANU.NS,BirlaNu Ltd,Miscellaneous,20.0,2026-04-26 18:10,1407.9,13.46,-19.68,-27.12,1201.5,2353.63,17.18,Falling,Normal,0.0,0.0,-7.25,-2.58,0.0,0.94,1062.0,https://www.screener.in/company/BIRLANU/consolidated/,2.54,3.45,40.58,2.54,2.47,2.47,2.21,3.45,3.31,3.33,3.27,0,0,0.33,0.18,Buying (+0.3% over 4Q),Stable/Reducing,1381.72,1105.38,1243.55,967.2,OVERVALUED +1.9%,52W Low Buffer: ₹1381.72,34.0,C  (Hold),4.0,5.0,0.0,3.0,1.0,1.0,10.0,2.0,7.0,8.0,done
ELANTAS.NS,Elantas Beck,Miscellaneous,20.0,2026-04-26 11:06,9035.65,0.0,0.0,0.0,9035.65,9222.6,0.0,Stable,Normal,0.0,0.0,0.0,0.0,0.0,0.0,0.0,https://www.screener.in/company/ELANTAS/consolidated/,0.74,11.5,75.0,0.74,0.73,0.71,0.7,11.5,11.73,11.8,11.88,0,0,0.04,-0.38,Buying (+0.0% over 4Q),Stable/Reducing,10391.0,8312.8,9351.9,7273.7,WATCH,52W Low Buffer: ₹10391.0,33.5,C  (Hold),4.0,2.0,0.0,3.0,1.0,1.0,10.0,2.0,10.0,10.0,done
HAWKINCOOK.NS,Hawkins Cookers,Miscellaneous,20.0,2026-04-26 11:11,7474.27,0.0,0.0,0.0,7474.27,7592.47,0.0,Stable,Normal,0.0,0.0,0.0,0.0,0.0,0.0,0.0,https://www.screener.in/company/HAWKINCOOK/consolidated/,0.37,17.3,56.03,0.37,0.35,0.34,0.19,17.3,17.48,17.53,17.63,0,0,0.18,-0.33,Buying (+0.2% over 4Q),Stable/Reducing,8595.41,6876.33,7735.87,6016.79,WATCH,52W Low Buffer: ₹8595.41,33.5,C  (Hold),4.0,2.0,0.0,3.0,1.0,1.0,10.0,2.0,10.0,10.0,done
KROSS.NS,Kross Ltd,Miscellaneous,20.0,2026-04-26 11:19,184.5,7.46,-7.38,-2.55,154.65,229.75,19.3,Stable,Normal,0.0,0.0,0.0,0.0,0.0,0.0,0.0,https://www.screener.in/company/KROSS/consolidated/,5.93,9.54,67.7,5.93,4.16,3.18,2.53,9.54,9.33,9.72,8.87,0,0,3.4,0.67,Buying (+3.4% over 4Q),Stable/Reducing,177.85,142.28,160.06,124.49,OVERVALUED +3.7%,52W Low Buffer: ₹177.85,33.5,C  (Hold),2.0,5.0,0.0,3.0,1.0,1.0,10.0,2.0,10.0,8.0,done
ITI.NS,ITI,Miscellaneous,20.0,2026-04-26 16:56,298.19,10.2,-0.95,-12.43,239.05,364.85,24.74,Stable,Rising,0.0,0.0,-14.7,-0.77,0.0,-28.04,28720.0,https://www.screener.in/company/ITI/consolidated/,0.08,0.01,90.28,0.08,0.09,0.1,0.11,0.01,0.01,0.02,0.02,1,0,-0.03,-0.01,Selling (-0.0% over 4Q),Stable/Reducing,274.91,219.93,247.42,192.44,OVERVALUED +8.5%,52W Low Buffer: ₹274.91,33.5,C  (Hold),7.0,2.0,0.0,3.0,1.0,1.0,10.0,0.0,10.0,8.0,done
AEQUS.NS,Aequs,Miscellaneous,20.0,2026-04-26 17:09,186.23,51.33,35.28,0.0,115.11,194.59,61.78,Rising,Rising,0.0,0.0,-11.2,1.11,0.0,-4.15,12490.0,https://www.screener.in/company/AEQUS/consolidated/,4.05,11.63,59.08,4.05,3.9,0.0,0.0,11.63,11.39,0.0,0.0,0,1,4.05,11.63,Buying (+4.0% over 4Q),Accumulating (+11.6% over 4Q),132.38,105.9,119.14,92.67,OVERVALUED +40.7%,52W Low Buffer: ₹132.38,33.5,C  (Hold),2.0,10.0,0.0,3.0,1.0,1.0,10.0,0.0,10.0,2.0,done
NOCIL.NS,NOCIL,Miscellaneous,20.0,2026-04-26 17:38,185.34,28.74,34.41,2.21,128.23,204.49,44.54,Rising,Rising,49.2,0.0,5.94,6.65,0.0,-5.81,3096.0,https://www.screener.in/company/NOCIL/consolidated/,5.44,4.68,33.84,5.44,6.36,6.98,7.77,4.68,3.61,2.83,3.51,1,0,-2.33,1.17,Selling (-2.3% over 4Q),Stable/Reducing,147.46,117.97,132.71,103.22,OVERVALUED +25.7%,PE Mean Reversion: ₹75.34 | 52W Low Buffer: ₹147.46,33.5,C  (Hold),7.0,5.0,1.0,3.0,1.0,1.0,10.0,0.0,5.0,4.0,done
TVSSRICHAK.NS,TVS Srichakra,Miscellaneous,20.0,2026-04-26 17:39,3811.8,7.06,-5.68,-1.06,2785.3,4737.6,36.85,Stable,Normal,62.3,0.0,2.35,5.36,0.0,6.98,2920.0,https://www.screener.in/company/TVSSRICHAK/consolidated/,1.01,0.49,45.7,1.01,1.11,1.16,1.02,0.49,2.77,5.04,5.04,0,0,-0.01,-4.55,Stable,Stable/Reducing,3203.09,2562.47,2882.78,2242.16,OVERVALUED +19.0%,PE Mean Reversion: ₹1223.69 | 52W Low Buffer: ₹3203.09,33.5,C  (Hold),4.0,2.0,1.0,3.0,1.0,1.0,10.0,4.0,7.0,6.0,done
GOODYEAR.NS,Goodyear India,Miscellaneous,20.0,2026-04-26 17:53,784.6,0.0,0.0,0.0,784.6,799.0,0.0,Stable,Normal,0.0,0.0,0.0,0.0,0.0,0.0,0.0,https://www.screener.in/company/GOODYEAR/consolidated/,0.93,7.63,74.0,0.93,0.74,0.73,0.75,7.63,8.06,8.06,8.05,0,0,0.18,-0.42,Buying (+0.2% over 4Q),Stable/Reducing,902.29,721.83,812.06,631.6,WATCH,52W Low Buffer: ₹902.29,33.5,C  (Hold),4.0,2.0,0.0,3.0,1.0,1.0,10.0,2.0,10.0,10.0,done
SCHNEIDER.NS,Schneider Elect.,Miscellaneous,20.0,2026-04-26 10:58,1180.1,32.6,89.68,42.31,550.95,1180.1,114.19,Rising,Normal,0.0,0.0,0.0,0.0,0.0,0.0,0.0,https://www.screener.in/company/SCHNEIDER/consolidated/,0.67,2.17,75.0,0.67,1.32,1.85,1.93,2.17,2.28,2.26,2.61,1,0,-1.26,-0.44,Selling (-1.3% over 4Q),Stable/Reducing,633.59,506.87,570.23,443.51,OVERVALUED +86.3%,52W Low Buffer: ₹633.59,32.5,C  (Hold),7.0,2.0,0.0,3.0,1.0,1.0,10.0,2.0,10.0,2.0,done
GILLETTE.NS,Gillette India,Miscellaneous,20.0,2026-04-26 10:59,8095.5,1.17,2.79,-13.38,7253.5,10978.86,11.61,Stable,Normal,0.0,0.0,0.0,0.0,0.0,0.0,0.0,https://www.screener.in/company/GILLETTE/consolidated/,0.66,11.29,75.0,0.66,0.61,0.64,0.71,11.29,11.08,11.22,12.82,0,0,-0.05,-1.53,Stable,Stable/Reducing,8341.52,6673.22,7507.37,5839.06,FAIR VALUE,52W Low Buffer: ₹8341.52,32.5,C  (Hold),4.0,2.0,0.0,3.0,1.0,1.0,10.0,2.0,10.0,8.0,done
INDIGRID.NS,International Ge,Miscellaneous,20.0,2026-04-26 11:01,172.03,4.12,5.58,7.28,132.5,173.94,29.84,Stable,Normal,60.1,0.0,6.6,7.51,0.0,3.5,19578.0,https://www.screener.in/company/INDIGRID/consolidated/,0.0,0.0,0.0,0.0,0.0,0.0,0.0,0.0,0.0,0.0,0.0,0,0,0.0,0.0,No data,No data,152.38,121.9,137.14,106.67,OVERVALUED +12.9%,PE Mean Reversion: ₹57.25 | 52W Low Buffer: ₹152.38,32.5,C  (Hold),4.0,5.0,1.0,3.0,1.0,1.0,10.0,2.0,3.0,6.0,done
SWARAJENG.NS,Swaraj Engines,Miscellaneous,20.0,2026-04-26 11:09,3863.0,8.49,7.49,-7.66,3308.9,4607.9,16.75,Stable,Rising,0.0,0.0,0.0,0.0,0.0,0.0,0.0,https://www.screener.in/company/SWARAJENG/consolidated/,2.5,8.47,52.12,2.5,2.6,2.71,2.55,8.47,8.51,9.02,9.54,0,0,-0.05,-1.07,Stable,Stable/Reducing,3805.23,3044.18,3424.71,2663.66,OVERVALUED +1.5%,52W Low Buffer: ₹3805.23,32.5,C  (Hold),4.0,2.0,0.0,3.0,1.0,1.0,10.0,2.0,10.0,8.0,done
HEIDELBERG.NS,Heidelberg Cem.,Miscellaneous,20.0,2026-04-26 17:34,156.61,4.8,-7.61,-21.62,137.55,215.31,13.86,Stable,Normal,0.0,0.0,0.0,0.0,0.0,0.0,0.0,https://www.screener.in/company/HEIDELBERG/consolidated/,4.73,9.04,69.39,4.73,3.91,4.33,4.48,9.04,8.97,10.01,10.82,0,0,0.25,-1.78,Buying (+0.2% over 4Q),Stable/Reducing,158.18,126.54,142.36,110.73,FAIR VALUE,52W Low Buffer: ₹158.18,32.5,C  (Hold),4.0,2.0,0.0,3.0,1.0,1.0,10.0,2.0,10.0,8.0,done
SPORTKING.NS,Sportking India,Miscellaneous,20.0,2026-04-26 17:55,137.12,16.93,60.64,37.74,79.69,144.54,72.07,Rising,Rising,0.0,0.0,0.0,0.0,0.0,0.0,0.0,https://www.screener.in/company/SPORTKING/consolidated/,0.06,0.0,74.36,0.06,0.02,0.0,0.11,0.0,0.0,0.0,0.0,0,0,-0.05,0.0,Stable,No data,91.64,73.31,82.48,64.15,OVERVALUED +49.6%,52W Low Buffer: ₹91.64,32.5,C  (Hold),4.0,5.0,0.0,3.0,1.0,1.0,10.0,2.0,10.0,2.0,done
HARDWYN.NS,Hardwyn India,Miscellaneous,20.0,2026-04-26 18:04,25.68,36.52,44.19,91.64,12.07,25.68,112.76,Rising,Rising,108.0,0.0,2.89,4.23,0.0,2.17,1254.0,https://www.screener.in/company/HARDWYN/consolidated/,0.83,0.0,43.77,0.83,0.46,0.46,0.46,0.0,0.0,0.0,0.0,0,0,0.37,0.0,Buying (+0.4% over 4Q),No data,13.88,11.1,12.49,9.72,OVERVALUED +85.0%,PE Mean Reversion: ₹4.76 | 52W Low Buffer: ₹13.88,32.5,C  (Hold),4.0,5.0,1.0,3.0,1.0,1.0,10.0,2.0,7.0,2.0,done
CANFINHOME.NS,Can Fin Homes,Miscellaneous,20.0,2026-04-26 17:09,909.6,10.89,-0.86,15.49,692.79,950.2,31.3,Stable,Normal,0.0,0.0,0.0,0.0,0.0,0.0,0.0,https://www.screener.in/company/CANFINHOME/consolidated/,10.72,27.97,29.99,10.72,11.36,11.06,11.51,27.97,27.41,28.46,27.88,0,0,-0.79,0.09,Stable,Stable/Reducing,796.71,637.37,717.04,557.7,OVERVALUED +14.2%,52W Low Buffer: ₹796.71,32.0,C  (Hold),4.0,5.0,0.0,3.0,1.0,1.0,10.0,2.0,5.0,6.0,done
MOIL.NS,MOIL,Miscellaneous,20.0,2026-04-26 17:21,319.1,9.43,-7.61,-16.26,248.05,387.79,28.64,Stable,Normal,62.5,0.0,8.31,11.4,0.0,-5.61,6493.0,https://www.screener.in/company/MOIL/consolidated/,6.16,12.33,64.68,6.16,5.72,4.71,2.35,12.33,12.73,11.29,12.35,0,0,3.81,-0.02,Buying (+3.8% over 4Q),Stable/Reducing,285.26,228.21,256.73,199.68,OVERVALUED +11.9%,PE Mean Reversion: ₹102.11 | 52W Low Buffer: ₹285.26,32.0,C  (Hold),2.0,2.0,1.0,3.0,1.0,4.0,10.0,0.0,10.0,6.0,done
APOLLOPIPE.NS,Apollo Pipes,Miscellaneous,20.0,2026-04-26 17:51,442.05,14.24,52.3,31.54,254.45,488.26,73.73,Rising,Normal,120.0,0.0,4.61,7.32,0.0,-9.22,1947.0,https://www.screener.in/company/APOLLOPIPE/consolidated/,2.56,13.09,50.8,2.56,2.67,3.23,4.24,13.09,14.87,14.7,14.68,1,0,-1.68,-1.59,Selling (-1.7% over 4Q),Stable/Reducing,292.62,234.1,263.36,204.83,OVERVALUED +51.1%,PE Mean Reversion: ₹73.68 | 52W Low Buffer: ₹292.62,32.0,C  (Hold),7.0,2.0,1.0,3.0,1.0,1.0,10.0,0.0,10.0,2.0,done
STLNETWORK.NS,STL Networks,Miscellaneous,20.0,2026-04-26 18:00,29.34,57.32,41.74,-1.97,15.92,33.04,84.3,Rising,Rising,0.0,0.0,-3.54,4.19,0.0,-20.59,1432.0,https://www.screener.in/company/STLNETWORK/consolidated/,7.19,11.56,44.16,7.19,1.59,0.89,0.7,11.56,10.1,7.35,6.17,0,1,6.49,5.39,Buying (+6.5% over 4Q),Accumulating (+5.4% over 4Q),18.31,14.65,16.48,12.82,OVERVALUED +60.2%,52W Low Buffer: ₹18.31,32.0,C  (Hold),2.0,10.0,0.0,3.0,1.0,1.0,10.0,0.0,7.0,2.0,done
DCW.NS,DCW,Miscellaneous,20.0,2026-04-26 18:03,43.51,8.31,-17.68,-36.43,37.49,88.31,16.06,Falling,Normal,0.0,0.0,-0.73,1.23,0.0,-5.36,1284.0,https://www.screener.in/company/DCW/consolidated/,7.99,0.01,45.1,7.99,8.43,7.87,7.25,0.01,0.11,0.01,0.01,0,0,0.74,0.0,Buying (+0.7% over 4Q),Stable/Reducing,43.11,34.49,38.8,30.18,OVERVALUED +0.9%,52W Low Buffer: ₹43.11,32.0,C  (Hold),4.0,5.0,0.0,3.0,1.0,1.0,10.0,0.0,7.0,8.0,done
LMW.NS,LMW,Miscellaneous,20.0,2026-04-26 17:05,14288.0,4.28,0.38,-0.89,11997.0,17965.32,19.1,Stable,Rising,126.0,0.0,3.04,4.48,0.0,2.19,15264.0,https://www.screener.in/company/LMW/consolidated/,5.04,10.96,31.13,5.04,4.93,4.97,5.24,10.96,11.28,11.28,11.15,0,0,-0.2,-0.19,Stable,Stable/Reducing,13796.55,11037.24,12416.9,9657.58,OVERVALUED +3.6%,PE Mean Reversion: ₹2267.94 | 52W Low Buffer: ₹13796.55,31.5,C  (Hold),4.0,2.0,1.0,3.0,1.0,1.0,10.0,2.0,5.0,8.0,done
CHEMPLASTS.NS,Chemplast Sanmar,Miscellaneous,20.0,2026-04-26 17:32,236.1,-15.78,-14.11,-35.51,219.84,468.9,7.4,Falling,Normal,0.0,0.0,-5.93,1.83,0.0,-5.22,3733.0,https://www.screener.in/company/CHEMPLASTS/consolidated/,11.45,26.63,54.99,11.45,11.59,11.17,10.83,26.63,26.94,27.51,28.15,0,0,0.62,-1.52,Buying (+0.6% over 4Q),Stable/Reducing,252.82,202.26,227.54,176.97,FAIR VALUE,52W Low Buffer: ₹252.82,31.5,C  (Hold),4.0,2.0,0.0,3.0,1.0,1.0,10.0,0.0,10.0,10.0,done
PRINCEPIPE.NS,Prince Pipes,Miscellaneous,20.0,2026-04-26 17:39,262.33,9.83,6.34,-21.06,206.05,382.82,27.31,Stable,Normal,0.0,0.0,0.0,0.0,0.0,0.0,0.0,https://www.screener.in/company/PRINCEPIPE/consolidated/,6.12,16.38,60.94,6.12,5.01,5.74,5.15,16.38,18.56,18.41,18.53,0,0,0.97,-2.15,Buying (+1.0% over 4Q),Stable/Reducing,236.96,189.57,213.26,165.87,OVERVALUED +10.7%,52W Low Buffer: ₹236.96,31.5,C  (Hold),4.0,2.0,0.0,3.0,1.0,1.0,10.0,2.0,10.0,6.0,done
HMT.NS,HMT,Miscellaneous,20.0,2026-04-26 17:47,62.76,9.03,38.18,9.57,41.44,71.9,51.45,Rising,Normal,0.0,0.0,0.0,0.0,0.0,-21.83,2232.0,https://www.screener.in/company/HMT/consolidated/,0.0,0.0,93.69,0.0,0.0,0.0,0.0,0.0,0.0,0.0,0.0,0,0,0.0,0.0,No data,No data,47.66,38.13,42.89,33.36,OVERVALUED +31.7%,52W Low Buffer: ₹47.66,31.5,C  (Hold),4.0,5.0,0.0,3.0,1.0,1.0,10.0,0.0,10.0,4.0,done
IZMO.NS,IZMO,Miscellaneous,20.0,2026-04-26 18:10,704.6,1.22,-0.54,-32.14,274.05,1348.7,157.11,Stable,Normal,28.4,0.0,7.03,7.98,0.0,4.89,1054.0,https://www.screener.in/company/IZMO/consolidated/,1.43,0.0,28.56,1.43,1.17,1.16,2.44,0.0,0.0,0.0,0.0,0,0,-1.01,0.0,Stable,No data,496.2,396.96,446.58,347.34,OVERVALUED +42.0%,PE Mean Reversion: ₹496.2 | 52W Low Buffer: ₹315.16,31.5,C  (Hold),2.0,5.0,1.0,3.0,1.0,1.0,10.0,4.0,5.0,2.0,done
CSBBANK.NS,CSB Bank,Banking,12.0,2026-04-26 17:20,382.65,5.91,-26.57,-1.83,332.3,557.45,15.15,Falling,Normal,0.0,0.0,0.0,0.0,0.0,0.0,0.0,https://www.screener.in/company/CSBBANK/consolidated/,5.89,12.19,49.72,5.89,4.65,4.62,4.93,12.19,14.35,16.07,15.94,0,0,0.96,-3.75,Buying (+1.0% over 4Q),Stable/Reducing,382.14,305.71,343.93,267.5,OVERVALUED +0.1%,52W Low Buffer: ₹382.14,31.0,C  (Hold),4.0,2.0,0.0,3.0,1.0,1.0,10.0,2.0,7.0,8.0,done
CYIENTDLM.NS,Cyient DLM,Miscellaneous,20.0,2026-04-26 17:39,373.0,22.78,-6.12,-20.87,272.3,493.2,36.98,Stable,Normal,40.4,0.0,7.47,9.88,0.0,-17.04,2960.0,https://www.screener.in/company/CYIENTDLM/consolidated/,7.17,12.18,66.66,7.17,6.23,6.32,7.04,12.18,12.28,11.22,12.56,0,0,0.13,-0.38,Buying (+0.1% over 4Q),Stable/Reducing,313.14,250.51,281.83,219.2,OVERVALUED +19.1%,PE Mean Reversion: ₹184.65 | 52W Low Buffer: ₹313.14,31.0,C  (Hold),4.0,2.0,1.0,3.0,1.0,1.0,10.0,0.0,10.0,6.0,done
STALLION.NS,Stallion India,Miscellaneous,20.0,2026-04-26 17:52,157.81,37.6,-26.97,-48.58,64.01,414.35,146.54,Falling,Rising,0.0,0.0,0.0,0.0,0.0,0.0,0.0,https://www.screener.in/company/STALLION/consolidated/,3.32,4.7,67.9,3.32,0.47,0.8,0.47,4.7,4.75,0.07,0.68,0,0,2.85,4.02,Buying (+2.9% over 4Q),Stable/Reducing,73.61,58.89,66.25,51.53,OVERVALUED +114.4%,52W Low Buffer: ₹73.61,30.5,C  (Hold),2.0,5.0,0.0,3.0,1.0,1.0,10.0,2.0,10.0,2.0,done
OMAXE.NS,Omaxe,Miscellaneous,20.0,2026-04-26 17:59,83.14,15.39,6.62,-0.55,64.09,106.91,29.72,Stable,Normal,0.0,0.0,-506.0,-61.4,0.0,-7.37,1521.0,https://www.screener.in/company/OMAXE/consolidated/,8.57,2.4,74.14,8.57,7.12,7.06,7.09,2.4,2.4,2.4,2.4,0,0,1.48,0.0,Buying (+1.5% over 4Q),Stable/Reducing,73.7,58.96,66.33,51.59,OVERVALUED +12.8%,52W Low Buffer: ₹73.7,30.5,C  (Hold),2.0,5.0,0.0,3.0,1.0,1.0,10.0,0.0,10.0,6.0,done
JINDALPOLY.NS,Jindal Poly Inve,Miscellaneous,20.0,2026-04-26 18:07,691.55,-27.76,67.18,19.43,367.2,1007.6,88.33,Rising,Normal,0.0,0.0,2.15,5.36,0.0,-41.61,3028.0,https://www.screener.in/company/JINDALPOLY/consolidated/,3.09,0.01,74.54,3.09,3.02,3.08,3.0,0.01,0.03,0.04,0.01,0,0,0.09,0.0,Buying (+0.1% over 4Q),Stable/Reducing,422.28,337.82,380.05,295.6,OVERVALUED +63.8%,52W Low Buffer: ₹422.28,30.5,C  (Hold),4.0,5.0,0.0,3.0,1.0,1.0,10.0,0.0,10.0,2.0,done
JKPAPER.NS,JK Paper,Miscellaneous,20.0,2026-04-26 17:20,371.7,10.33,7.2,-11.63,295.84,426.25,25.64,Stable,Normal,25.1,0.0,7.04,8.63,0.0,2.34,6740.0,https://www.screener.in/company/JKPAPER/consolidated/,10.46,3.11,49.64,10.46,10.9,10.75,9.26,3.11,3.18,3.37,3.71,0,0,1.2,-0.6,Buying (+1.2% over 4Q),Stable/Reducing,340.22,272.18,306.2,238.15,OVERVALUED +9.3%,PE Mean Reversion: ₹296.18 | 52W Low Buffer: ₹340.22,29.5,D  (Avoid),2.0,2.0,1.0,3.0,1.0,1.0,10.0,2.0,7.0,6.0,done
SPARC.NS,SPARC,Miscellaneous,20.0,2026-04-26 17:28,139.28,20.67,2.84,3.93,108.71,198.54,28.12,Stable,Rising,0.0,0.0,0.0,-279.0,0.0,-26.39,4520.0,https://www.screener.in/company/SPARC/consolidated/,3.64,0.63,65.68,3.64,3.67,3.3,3.24,0.63,0.65,0.67,0.67,0,0,0.4,-0.04,Buying (+0.4% over 4Q),Stable/Reducing,125.02,100.02,112.52,87.51,OVERVALUED +11.4%,52W Low Buffer: ₹125.02,29.5,D  (Avoid),4.0,2.0,0.0,3.0,1.0,1.0,10.0,0.0,10.0,6.0,done
SINDHUTRAD.NS,Sindhu Trade,Miscellaneous,20.0,2026-04-26 17:33,23.65,1.59,24.87,-10.04,17.92,35.74,31.98,Rising,Normal,0.0,0.0,0.35,5.45,0.0,-59.21,3647.0,https://www.screener.in/company/SINDHUTRAD/consolidated/,0.24,0.0,74.97,0.24,0.24,0.28,0.06,0.0,0.0,0.0,0.02,0,0,0.18,-0.02,Buying (+0.2% over 4Q),Stable/Reducing,20.61,16.49,18.55,14.43,OVERVALUED +14.8%,52W Low Buffer: ₹20.61,29.5,D  (Avoid),4.0,2.0,0.0,3.0,1.0,1.0,10.0,0.0,10.0,6.0,done
INDOSOLAR.NS,Indosolar,Power,25.0,2026-04-26 11:16,454.2,17.93,-6.86,-36.18,173.32,711.7,162.06,Stable,Rising,0.0,0.0,0.0,0.0,0.0,0.0,0.0,https://www.screener.in/company/INDOSOLAR/consolidated/,0.0,0.0,0.0,0.0,0.0,0.0,0.0,0.0,0.0,0.0,0.0,0,0,0.0,0.0,No data,No data,199.32,159.46,179.39,139.52,OVERVALUED +127.9%,52W Low Buffer: ₹199.32,29.0,D  (Avoid),4.0,5.0,0.0,3.0,1.0,1.0,10.0,2.0,3.0,2.0,done
MIRCELECTR.NS,MIRC Electronics,Miscellaneous,20.0,2026-04-26 18:05,32.94,29.23,0.67,27.82,13.12,35.71,151.07,Stable,Rising,0.0,0.0,-26.4,-3.46,0.0,-28.3,1217.0,https://www.screener.in/company/MIRCELECTR/consolidated/,1.06,0.0,53.36,1.06,0.99,0.99,0.01,0.0,0.0,0.01,0.0,0,0,1.05,0.0,Buying (+1.1% over 4Q),Stable/Reducing,15.09,12.07,13.58,10.56,OVERVALUED +118.3%,52W Low Buffer: ₹15.09,28.5,D  (Avoid),2.0,5.0,0.0,3.0,1.0,1.0,10.0,0.0,10.0,2.0,done
HFCL.NS,HFCL,Miscellaneous,20.0,2026-04-26 17:04,100.22,40.84,55.6,31.8,60.95,100.37,64.43,Rising,Rising,296.0,0.0,4.42,7.55,0.0,-3.42,15340.0,https://www.screener.in/company/HFCL/consolidated/,7.53,2.95,39.24,7.53,8.35,8.18,7.66,2.95,4.64,4.55,5.68,0,0,-0.13,-2.73,Stable,Stable/Reducing,70.09,56.07,63.08,49.06,OVERVALUED +43.0%,PE Mean Reversion: ₹6.77 | 52W Low Buffer: ₹70.09,27.5,D  (Avoid),4.0,2.0,1.0,3.0,1.0,1.0,10.0,0.0,7.0,2.0,done
VENUSPIPES.NS,Venus Pipes,Miscellaneous,20.0,2026-04-26 11:13,1339.35,41.06,18.47,0.57,894.0,1634.66,49.82,Rising,Rising,0.0,0.0,0.0,0.0,0.0,0.0,0.0,https://www.screener.in/company/VENUSPIPES/consolidated/,6.49,8.73,48.2,6.49,6.6,4.81,4.27,8.73,7.25,8.26,13.02,0,0,2.22,-4.29,Buying (+2.2% over 4Q),Stable/Reducing,1028.1,822.48,925.29,719.67,OVERVALUED +30.3%,52W Low Buffer: ₹1028.1,27.0,D  (Avoid),2.0,2.0,0.0,3.0,1.0,1.0,10.0,2.0,7.0,4.0,done
DATAPATTNS.NS,Data Pattern,Miscellaneous,20.0,2026-04-26 10:59,4077.7,26.21,58.14,45.36,2080.36,4135.1,96.01,Rising,Normal,0.0,0.0,0.0,0.0,0.0,0.0,0.0,https://www.screener.in/company/DATAPATTNS/consolidated/,5.32,11.11,42.41,5.32,7.17,6.74,14.56,11.11,9.55,9.15,11.58,0,0,-9.24,-0.47,Stable,Stable/Reducing,2392.41,1913.93,2153.17,1674.69,OVERVALUED +70.4%,52W Low Buffer: ₹2392.41,26.0,D  (Avoid),2.0,2.0,0.0,3.0,1.0,1.0,10.0,2.0,7.0,2.0,done
RBLBANK.NS,RBL Bank,Banking,12.0,2026-04-26 17:00,321.4,8.12,3.01,10.22,187.41,332.55,71.5,Stable,Normal,22.6,0.0,5.46,5.81,0.0,0.0,19874.0,https://www.screener.in/company/RBLBANK/consolidated/,28.27,17.91,0.0,28.27,30.0,28.27,25.14,17.91,19.12,19.34,20.12,0,0,3.13,-2.21,Buying (+3.1% over 4Q),Stable/Reducing,215.52,172.42,193.97,150.86,OVERVALUED +49.1%,PE Mean Reversion: ₹170.65 | 52W Low Buffer: ₹215.52,25.5,D  (Avoid),2.0,2.0,1.0,3.0,1.0,1.0,10.0,2.0,3.0,2.0,done
KARURVYSYA.NS,Karur Vysya Bank,Banking,12.0,2026-04-26 16:56,295.45,11.96,10.72,30.39,172.19,336.85,71.58,Rising,Normal,0.0,0.0,0.0,0.0,0.0,0.0,0.0,https://www.screener.in/company/KARURVYSYA/consolidated/,17.9,32.1,2.24,17.9,18.09,15.61,15.38,32.1,32.29,35.16,36.22,0,0,2.52,-4.12,Buying (+2.5% over 4Q),Stable/Reducing,198.02,158.42,178.22,138.61,OVERVALUED +49.2%,52W Low Buffer: ₹198.02,24.0,D  (Avoid),2.0,2.0,0.0,3.0,1.0,1.0,10.0,2.0,3.0,2.0,done
